LoanID,BorrowerID,LoanAmount,CreditScore,DebtToIncomeRatio,RiskScore,Status,InterestRate
LN003038,BW002138,381850.3183969263,524,3.955955113488729,100,Current,15.96415387935249
LN002183,BW001283,323291.42519145925,597,5.063282475478287,95,Current,16.867190866797483
LN003203,BW002303,463687.7739290554,526,3.8977135103692735,95,Defaulted,15.654513672439416
LN005627,BW004727,175638.09424590503,585,1.4745682768629116,95,Paid Off,14.905473617722098
LN005236,BW004336,462562.509056874,535,4.596022726213581,95,Current,14.179521220358982
LN003194,BW002294,461969.36568984797,542,7.354700460632078,95,Paid Off,14.451082233956612
LN001848,BW000948,221245.71809577764,592,0.9306162068501138,90,Paid Off,17.50624196315487
LN004210,BW003310,378079.4668542033,595,0.9506261451989657,90,Current,16.761519578516946
LN001479,BW000579,291911.4531279276,531,2.4124740166346337,90,Paid Off,14.70832902158916
LN005908,BW005008,217371.2742340525,598,0.6791582059169693,90,Defaulted,15.116993021409726
LN001756,BW000856,484639.09173073835,590,0.6325518663502637,90,Current,14.505856981614285
LN001763,BW000863,42769.71481616938,640,0.5073187944851992,90,Defaulted,17.937287915256164
LN001489,BW000589,238466.4979215447,561,0.6276929462602671,90,Defaulted,14.123723525574263
LN004520,BW003620,433147.4727841035,601,4.568443940966634,90,Current,17.05724815371694
LN005363,BW004463,253265.8016020897,546,0.7585068492202577,90,Current,14.678136565260541
LN003381,BW002481,125637.28965918698,528,0.8583774532122348,90,Current,15.315175039973681
LN002349,BW001449,310065.88280173833,582,0.6031551991290622,90,Defaulted,14.02435012390236
LN002654,BW001754,328650.00295923,536,3.4340871928966505,90,Paid Off,15.737355406593167
LN003167,BW002267,213673.0692778752,586,1.3511771342193166,90,Paid Off,17.7856113000884
LN004937,BW004037,135421.0074516831,582,1.4183531439602866,90,Defaulted,15.268956995336087
LN002571,BW001671,222977.80272596658,581,0.5443424525235968,90,Current,14.239917088766067
LN002487,BW001587,411070.7824485276,556,0.8989775513572685,90,Defaulted,15.979770167607874
LN002405,BW001505,318301.42837927456,580,0.5652144796006559,90,Defaulted,16.834481601740524
LN003597,BW002697,248395.9893707984,623,2.6750211462263276,90,Defaulted,15.358023629087375
LN003950,BW003050,455376.2325577222,562,3.5742610334322613,90,Defaulted,17.327253968250997
LN004736,BW003836,280138.95201289403,587,0.5115155587880896,90,Current,15.494818948799475
LN001487,BW000587,368837.46716396254,566,1.895503168929034,90,Late,14.522018238549759
LN003175,BW002275,424129.0773509812,592,0.7410750346795197,90,Defaulted,17.03583926177104
LN005560,BW004660,423421.779857347,591,1.5270116778456362,90,Paid Off,17.047811030802507
LN005522,BW004622,252878.9862561537,578,0.6868535510140287,90,Current,16.658624796355756
LN001356,BW000456,146326.84615866322,594,2.2483427443455892,90,Current,17.4198960782459
LN005826,BW004926,281360.24078130524,578,3.0458946262172,90,Current,16.068452428205255
LN005871,BW004971,114234.4206596457,583,0.9686238915382176,90,Current,14.333547384025369
LN005867,BW004967,300804.2929466724,529,1.9322264749751892,90,Current,17.164688133203867
LN001340,BW000440,443057.33254939097,587,2.2943310496475156,90,Paid Off,16.467134431410166
LN005294,BW004394,210864.26278923493,522,0.5068708869145406,85,Current,15.386958163211165
LN005277,BW004377,138975.13426077415,608,1.4158067205292657,85,Current,16.22638145169403
LN003973,BW003073,208664.16950680336,599,1.2073397657190095,85,Current,16.55725967551453
LN003804,BW002904,294937.0251401056,556,0.7042314848316683,85,Paid Off,14.230493526736648
LN004325,BW003425,202297.69030021993,531,1.2371951969521866,85,Current,17.822122571771498
LN003962,BW003062,369695.74961259344,544,1.1834899543974733,85,Current,16.109945515181344
LN003852,BW002952,273733.01577152766,576,0.5224380741863747,85,Current,14.153739644120678
LN003797,BW002897,164652.07996639182,555,1.7142533387482521,85,Current,15.165619547599382
LN004459,BW003559,400663.86926461814,549,1.088846743245165,85,Current,14.373947453253518
LN005945,BW005045,46464.68200815389,551,0.7898591837855473,85,Current,17.833467571067025
LN001022,BW000122,449784.3233209042,552,5.2166261628722665,85,Defaulted,17.760533769831113
LN004582,BW003682,148136.7051889287,520,0.7663658772574368,85,Paid Off,17.35371422770067
LN004518,BW003618,194570.15150098718,623,1.2656096346009202,85,Current,14.28805063383721
LN001748,BW000848,421781.846388822,454,0.8549342077785405,85,Current,17.603040649802928
LN004377,BW003477,410658.0635266127,580,0.741652516748278,85,Defaulted,14.026962254356269
LN001475,BW000575,76936.71274814954,584,0.5241702647738669,85,Current,14.02933660334472
LN001571,BW000671,359113.60350343434,568,5.571947341678624,85,Defaulted,15.886505460781047
LN002152,BW001252,264720.76398627134,589,0.710299162827755,85,Paid Off,15.217471133718204
LN004904,BW004004,416130.83400114015,582,6.125803337305626,85,Late,17.952766238014842
LN005062,BW004162,492841.415521152,563,1.4417448369727672,85,Current,14.283421761716623
LN002853,BW001953,110398.3454888876,643,1.2451600864472194,85,Defaulted,14.78652816986401
LN002951,BW002051,179638.97458662337,623,2.3603133416647992,85,Paid Off,17.93532057204502
LN003141,BW002241,267282.2299641554,589,4.121873100116812,85,Current,14.572610491396103
LN002255,BW001355,391837.6704129931,562,1.053368119882261,85,Late,14.511173953031289
LN003386,BW002486,420770.7044877223,592,1.9834728711721799,85,Current,17.465351587834206
LN003322,BW002422,390897.59252373426,541,0.6798302158805362,85,Paid Off,16.27544318944471
LN005247,BW004347,189330.2472685646,497,0.524666949021379,85,Late,14.064765942309254
LN003350,BW002450,463851.9175419252,588,1.3127375788456284,85,Current,14.957109851532424
LN003244,BW002344,154789.78234980837,645,1.4050686907828032,85,Current,17.38144862632205
LN003392,BW002492,452619.014147693,586,1.5892232420412047,85,Defaulted,17.689292245914675
LN001893,BW000993,356535.7669621295,543,0.8968396741229328,85,Late,16.641547352803556
LN002335,BW001435,233689.75614528303,557,3.6528041726239326,85,Paid Off,15.67861897943602
LN003440,BW002540,181488.36089106477,600,1.9468458008609275,85,Current,14.915705164976709
LN002357,BW001457,421893.9897040787,589,6.354365617109773,85,Current,17.584908229232433
LN002656,BW001756,446793.152451605,538,0.7576655611379759,85,Defaulted,15.107958301548837
LN005081,BW004181,82761.86304332058,592,1.3573114261635844,85,Late,17.321555464123048
LN005121,BW004221,466686.904250576,493,7.639549285182294,85,Current,15.907307976384226
LN005850,BW004950,155412.22293251354,648,1.01916160054941,85,Current,17.22502618483766
LN005564,BW004664,367026.13760760374,636,5.773237161585637,85,Current,17.274357084778437
LN002758,BW001858,318329.3640252471,618,2.0357835432467803,85,Late,17.252204828573234
LN001127,BW000227,381708.81173850386,548,1.086431421501047,85,Current,15.72896313557005
LN002763,BW001863,367227.1524180587,557,0.7457859166555253,85,Late,15.624495230524975
LN005689,BW004789,383023.5160548484,500,0.9095929861024767,85,Defaulted,17.196849926732053
LN003488,BW002588,320063.09517862136,541,0.9389114280879431,85,Current,16.521664113676472
LN005191,BW004291,162311.55472505433,557,0.5151501492280595,85,Current,16.82621917571961
LN004277,BW003377,49625.93275962692,587,0.7757777192560388,85,Defaulted,17.319997574379297
LN004035,BW003135,71696.2926537516,598,0.5841369418129417,85,Paid Off,14.269658508571391
LN002061,BW001161,49157.24661439709,663,0.6464041994281925,80,Late,10.13220877951776
LN002147,BW001247,279148.8608385992,646,1.2096853162915593,80,Defaulted,15.908640185646327
LN001890,BW000990,406359.9161143241,534,1.7956660423977806,80,Late,16.026199999634187
LN002173,BW001273,462750.00055285904,476,2.495539408391513,80,Defaulted,14.425790355332431
LN004148,BW003248,414612.63283791445,628,4.234731944335317,80,Current,14.856433646911984
LN004126,BW003226,376750.896594179,579,4.382755358642963,80,Defaulted,17.841177163524527
LN004072,BW003172,132177.80820039156,532,0.8243178855362611,80,Current,17.401824979942923
LN001650,BW000750,254094.10535502405,648,1.1951271626251645,80,Current,17.27693684840968
LN001730,BW000830,374138.1981722727,635,0.717463545839642,80,Current,15.349436313429118
LN001790,BW000890,254514.68947547005,542,2.254171420551393,80,Current,17.847459497391995
LN001437,BW000537,74848.2590405688,601,0.6383949482752753,80,Current,17.297401788997398
LN001805,BW000905,111982.3691826373,503,1.053790458690702,80,Current,14.773788912047749
LN001091,BW000191,269859.510872161,642,0.831413350774419,80,Late,16.00878004132497
LN001090,BW000190,184384.9800627334,627,1.176479985702467,80,Paid Off,14.850723137364906
LN001002,BW000102,218812.7842278473,504,0.8102392129596341,80,Paid Off,14.186662652854462
LN005991,BW005091,344542.7681847119,599,1.6171281553634427,80,Current,17.982784827083357
LN005906,BW005006,451223.5582483018,576,1.1042338744860087,80,Late,17.364823993432708
LN005914,BW005014,294470.7223525234,596,2.034025046193729,80,Current,14.892680391400198
LN005922,BW005022,210928.28823804596,589,0.4118643294183965,80,Defaulted,14.350601438036737
LN004411,BW003511,489185.1078598549,553,1.5654413353212147,80,Current,16.608997618924278
LN004722,BW003822,198077.5376784352,616,0.9010554496600165,80,Current,16.521134623288752
LN004868,BW003968,120484.2691019102,584,1.4968362804144608,80,Paid Off,16.562489354897874
LN004769,BW003869,218426.5370875113,603,3.716454262807142,80,Current,17.49791882582422
LN004901,BW004001,476116.87131302874,596,1.9670445606150189,80,Paid Off,14.350644865706231
LN004633,BW003733,287224.80044083355,547,3.645130659107716,80,Defaulted,17.94681393798259
LN004639,BW003739,188564.29754412657,545,2.657374628745809,80,Defaulted,17.60180884684833
LN004746,BW003846,276704.94527811155,592,2.6550744743424834,80,Current,15.724534713002623
LN004819,BW003919,431860.3098568438,618,1.8163036267502692,80,Current,14.030021551097622
LN001821,BW000921,361450.3189968749,648,1.1049773404042842,80,Late,14.480637034942488
LN001844,BW000944,341055.91690395266,581,0.6094780121987081,80,Late,15.715549725400843
LN001419,BW000519,180674.35332584425,536,1.8727301226663489,80,Current,16.126644095057934
LN001412,BW000512,286147.27717145986,574,3.738808511663634,80,Current,15.694191663967585
LN001050,BW000150,146427.48270952105,494,1.2617906457483006,80,Paid Off,17.208436996106936
LN001213,BW000313,489925.1239417723,623,1.2833147225137462,80,Current,14.104786834128259
LN001089,BW000189,295598.7709476008,567,1.5383320053097977,80,Current,15.809758064530774
LN004348,BW003448,293798.00937787077,606,1.9577846297086543,80,Defaulted,16.711719625264394
LN004416,BW003516,115955.27275840093,594,0.5437577090186517,80,Current,14.027345641039068
LN004550,BW003650,192237.96070479698,581,1.691319502266155,80,Late,16.240016645020997
LN004539,BW003639,448976.756806274,619,3.853349602724365,80,Paid Off,14.200560088410944
LN001744,BW000844,346462.72798433056,587,3.6317601225191867,80,Paid Off,17.63834678021511
LN001935,BW001035,236284.4654823744,593,0.45749102306357836,80,Paid Off,14.88597419543856
LN005312,BW004412,341780.4561046427,625,1.9900895559195437,80,Defaulted,16.479905654681
LN005300,BW004400,306178.7232891096,591,0.6457072216177296,80,Defaulted,14.634801212737967
LN005504,BW004604,135715.54783914046,563,1.105897781813959,80,Defaulted,14.170959658773914
LN005015,BW004115,271647.76682977256,581,2.1299202473162846,80,Defaulted,14.69239863162122
LN003439,BW002539,385046.9272457688,642,0.9400224084592742,80,Current,14.002039956063774
LN003414,BW002514,456477.0067074426,604,2.5415118344529586,80,Current,17.75508644405756
LN004998,BW004098,290031.80907826684,512,2.1807371373654694,80,Current,17.18977678984492
LN002412,BW001512,322354.13520072977,603,1.5034811313319318,80,Current,17.64716776146641
LN002661,BW001761,415829.1698828827,606,1.2657873692659138,80,Defaulted,16.77345046069884
LN002267,BW001367,474063.23829582246,577,4.1578779980744045,80,Current,14.473587365710616
LN002275,BW001375,434910.7029892686,592,1.5232462684607406,80,Defaulted,15.726867540106443
LN003325,BW002425,237846.1946577663,581,2.245476625214444,80,Paid Off,17.116046088131387
LN003724,BW002824,400085.44161867193,632,2.8968046604357056,80,Late,14.969505838597025
LN003253,BW002353,310976.5533965085,577,1.373200634204769,80,Current,15.734480341251064
LN003608,BW002708,442072.98878530564,631,0.954431740827336,80,Defaulted,17.580552103846063
LN003755,BW002855,352440.1752151419,632,0.6230444188583192,80,Current,16.575984930557944
LN003357,BW002457,257068.26285481497,645,1.1228414698393783,80,Current,15.459914161874988
LN003300,BW002400,169443.54111948563,565,1.4793673130638838,80,Current,16.559374025111588
LN002643,BW001743,309586.37773099437,587,0.8959544503846136,80,Defaulted,17.05441743665198
LN003778,BW002878,399605.1040619068,507,1.4389441573047266,80,Current,17.073730217030498
LN004055,BW003155,259136.3333351644,632,3.204430485963911,80,Current,15.40346529034089
LN004189,BW003289,243091.85151337145,632,1.2537476248206634,80,Defaulted,14.601104363352677
LN003840,BW002940,123816.62426529345,581,1.1901923569486628,80,Current,15.23591621442004
LN004289,BW003389,396638.3910443178,588,0.8254519524042572,80,Defaulted,16.746539023143885
LN004192,BW003292,326456.7221523664,603,0.6475805167129661,80,Paid Off,15.217277390101756
LN004297,BW003397,379059.56509068894,535,0.5779587841670293,80,Current,17.766241477295836
LN004274,BW003374,436479.01391386567,624,6.247260810210467,80,Current,15.258400383765412
LN003531,BW002631,386593.36322339304,569,3.288003580986563,80,Late,16.163271911423045
LN005295,BW004395,333312.9647743368,662,3.231614752172267,80,Late,10.707782482582374
LN003505,BW002605,166913.399168407,538,0.6985657598326331,80,Current,14.376587009132894
LN003966,BW003066,327507.1942556787,642,1.9348227031705068,80,Defaulted,17.36130423881753
LN005107,BW004207,409060.09642644646,562,2.055669506572756,80,Current,15.903172786144808
LN005087,BW004187,389442.22269725247,559,0.8581172532366909,80,Current,14.401546707974465
LN005067,BW004167,289754.5969898317,588,2.59919617290863,80,Current,14.925200292311988
LN005056,BW004156,181877.98341392502,606,0.8080339372538774,80,Late,14.094587204280721
LN002981,BW002081,494574.4246691189,600,0.8090803305677581,80,Current,14.876799213557618
LN003074,BW002174,377777.765248458,639,0.8026825618149609,80,Defaulted,15.652226492854012
LN002950,BW002050,251882.01284002938,526,2.0949776125652066,80,Paid Off,14.95911895537619
LN002969,BW002069,394977.4281518209,639,2.4686026503443768,80,Current,14.503187969751783
LN002584,BW001684,343849.49435050535,474,0.9931268359481118,80,Current,15.209375047356035
LN002621,BW001721,292091.74362378154,648,0.6193132253131237,80,Current,14.792318922240405
LN002624,BW001724,345756.3689388196,609,3.145623249272169,80,Current,17.698589914236624
LN002524,BW001624,478517.2810448173,548,0.9436848439067671,80,Current,14.5053796081128
LN002913,BW002013,335919.9435308263,528,2.6651651459055445,80,Paid Off,14.209417800743195
LN002557,BW001657,324676.3856253477,642,0.8605740241311329,80,Defaulted,15.719270792565528
LN004977,BW004077,334533.8818883128,548,0.6182341991771624,80,Defaulted,17.886192788483342
LN005139,BW004239,116233.96602659211,597,0.8984559376422139,80,Defaulted,15.862070377718293
LN002770,BW001870,450637.12842820736,634,0.9563808443189302,80,Current,16.431635790427762
LN005190,BW004290,443950.1820706511,633,0.978014951848026,80,Current,17.177302473082356
LN002485,BW001585,393694.8007347473,647,0.7095955496189087,80,Current,16.62728922605684
LN002771,BW001871,375396.3103266421,619,1.3311626017620874,80,Defaulted,15.031190648656503
LN001359,BW000459,354783.96041646024,466,2.9323251879036247,80,Current,15.8569540789569
LN001239,BW000339,483290.4882998651,594,0.5965646033991004,80,Current,17.433366707196484
LN001361,BW000461,178350.4805899115,699,1.6855194971418024,80,Defaulted,12.0720322656185
LN001367,BW000467,387962.96962335455,590,3.496427189172621,80,Late,15.473388855177404
LN001151,BW000251,227469.74843080016,639,0.8196285368184318,80,Late,16.46857994641612
LN002710,BW001810,366727.3394173832,568,0.7145757332331235,80,Paid Off,16.754921430425295
LN002722,BW001822,460912.0213399424,600,4.339333273041157,80,Defaulted,14.604731677349017
LN001120,BW000220,116098.08305914703,520,0.949293113783974,80,Current,15.09183749942526
LN003218,BW002318,341908.84455935453,616,0.8959779811336703,80,Current,16.246196291211515
LN005528,BW004628,401923.9537964324,580,2.8637220140473953,80,Current,16.342014774320308
LN005555,BW004655,498971.0319759882,625,1.4010365336864719,80,Defaulted,14.35278876846236
LN005715,BW004815,287439.82144307724,597,1.1152851369888088,80,Current,15.83923988835549
LN005643,BW004743,401648.40080134734,503,0.6421605372951712,80,Current,16.428779764172674
LN001064,BW000164,302958.0207927753,634,0.8597873553423393,80,Late,14.354810135028222
LN001079,BW000179,313930.2643700096,645,1.7384523116049557,80,Current,16.990437520705004
LN001080,BW000180,453703.69492745074,516,1.8894941696951375,80,Defaulted,15.331263143649938
LN001103,BW000203,212291.4098215762,627,1.0162261386238631,75,Current,17.08364550825708
LN001068,BW000168,434271.415631988,571,1.8812120804608843,75,Current,15.076972923797523
LN005950,BW005050,434302.9445330805,551,0.9323339999362454,75,Current,15.800882373862938
LN001083,BW000183,245746.95358782585,696,2.4122862374516707,75,Current,12.889010273572264
LN005690,BW004790,444798.2238425278,643,0.9063106149439462,75,Paid Off,15.27988993005733
LN005710,BW004810,342104.43096399785,578,0.6202417376936982,75,Current,15.565058709881926
LN005736,BW004836,473589.69481728773,670,4.723532881420518,75,Current,13.816107199962756
LN005757,BW004857,292298.7965678616,635,0.6666125736796636,75,Current,15.274847774778818
LN005624,BW004724,320839.88879970665,501,0.646630075641072,75,Current,17.031406804423806
LN005646,BW004746,334766.21807288844,575,0.6473725986287507,75,Current,16.259806262476275
LN005659,BW004759,437856.38993327407,623,0.5887596119728491,75,Current,14.864402390650042
LN005668,BW004768,428090.0165170997,571,0.9935490128194102,75,Current,15.565908734358263
LN005682,BW004782,452955.0177568142,563,1.2507507181303001,75,Late,16.734531760388418
LN005568,BW004668,457573.9008894206,563,2.6655066457146015,75,Current,16.43687475841074
LN004712,BW003812,408093.8015890798,543,0.5545147019444319,75,Defaulted,14.409281510045146
LN004713,BW003813,202083.13937129386,640,0.7080749952390925,75,Current,14.472080301809086
LN004603,BW003703,166697.49990248485,537,0.9177237536848883,75,Current,15.950675316924318
LN004617,BW003717,145589.6673665598,577,0.8259785527463255,75,Defaulted,16.53065922800417
LN001537,BW000637,243887.61165245273,587,0.5413059680590426,75,Paid Off,14.424502341963983
LN001540,BW000640,428497.80610075686,551,0.9254025937328455,75,Defaulted,16.593858227600947
LN001471,BW000571,296060.22939766606,591,0.8339403079120086,75,Current,16.014187926047544
LN001477,BW000577,89094.10124343335,593,0.6127676208276659,75,Defaulted,17.185937557318322
LN004727,BW003827,482234.92160942906,587,1.2718574820226847,75,Current,14.388189686124463
LN004747,BW003847,140870.16113224026,582,0.5768064100562625,75,Defaulted,17.58820087418586
LN004751,BW003851,222429.60546167192,565,0.6477269538397323,75,Current,16.178029885608293
LN004768,BW003868,473781.4895352335,598,1.3292975590894085,75,Paid Off,14.230842935558044
LN004672,BW003772,114219.55264630592,621,1.8873611203173855,75,Defaulted,16.009855037522925
LN004673,BW003773,215788.36236573107,587,1.0915670074908033,75,Late,15.51019075234619
LN004681,BW003781,272508.8964501267,642,0.5413678240726413,75,Current,17.749314320460414
LN004694,BW003794,436790.88269553194,582,2.07203244076281,75,Defaulted,17.83371531695324
LN004880,BW003980,416650.56727771525,470,0.9816778704620042,75,Defaulted,15.152412839084691
LN004896,BW003996,127591.15600940502,598,0.509729416536085,75,Defaulted,15.693515676162209
LN004902,BW004002,444975.59322333825,533,0.8101017982167261,75,Defaulted,15.709335014656421
LN004791,BW003891,72045.86680805498,612,1.1170312261131914,75,Current,17.145927331396564
LN004800,BW003900,295155.16976573464,593,1.6766665176814546,75,Current,16.58732617134858
LN004843,BW003943,345416.04837745946,552,1.3209882192183815,75,Current,14.886979548651771
LN004854,BW003954,445536.22260799573,574,1.0291906369239816,75,Current,14.138199125126759
LN004864,BW003964,305722.50833415217,569,0.6231054297190021,75,Paid Off,17.088755821994376
LN002084,BW001184,418336.6762439885,592,1.8439173435470624,75,Paid Off,15.494563273866794
LN001942,BW001042,264260.4557936607,600,2.805080296366704,75,Current,14.048279741202471
LN001944,BW001044,453456.96343708393,638,0.971607581451795,75,Current,16.894322801759923
LN001955,BW001055,210349.56524747016,609,1.6874475827757278,75,Defaulted,16.08773985625831
LN001963,BW001063,346402.25975662493,581,1.0239977908649567,75,Defaulted,14.243648907486108
LN001988,BW001088,406559.12640867213,560,2.2030279988244845,75,Defaulted,16.81741182588852
LN002007,BW001107,467725.48998838227,555,0.953926917804852,75,Current,16.929203082432725
LN004182,BW003282,230107.6434899927,538,0.9890082799435231,75,Paid Off,16.656435561932117
LN002775,BW001875,360673.980020168,640,0.9208191708718874,75,Late,17.954098669303686
LN002776,BW001876,419723.7313621824,577,1.354725200608698,75,Defaulted,17.42303201760212
LN002806,BW001906,458906.78160479426,647,1.3929233690308118,75,Paid Off,17.1732726853378
LN002726,BW001826,265117.16895361216,618,2.722370036312339,75,Current,16.86297615600187
LN002739,BW001839,413580.1465990363,537,2.1361646840909208,75,Current,15.51608878186508
LN002995,BW002095,409594.38966952823,585,2.3445823276301923,75,Current,15.621885891547915
LN005143,BW004243,309729.07444307784,570,0.6181686499790024,75,Current,14.502014175052805
LN005163,BW004263,149079.05249736737,578,0.8172870836268016,75,Current,14.72377981694998
LN002439,BW001539,205235.6195419902,615,0.6062473612822012,75,Defaulted,16.9899718235256
LN002451,BW001551,345004.39202684135,596,0.7929271320878912,75,Current,15.066200481817148
LN002470,BW001570,411687.8291882023,516,1.1404368443478932,75,Defaulted,16.220036345899405
LN002819,BW001919,335113.1590808194,560,0.9229325779764103,75,Paid Off,15.074471828375197
LN002821,BW001921,328902.92635034997,565,0.5778237048821951,75,Current,15.015865593248888
LN002877,BW001977,267553.29054782464,590,2.074027977345676,75,Defaulted,17.940504894704496
LN002925,BW002025,461798.35747619387,567,1.2073621144676618,75,Current,17.986245678055425
LN002943,BW002043,493608.8262513173,498,1.0743042817611834,75,Late,15.319311317699517
LN002993,BW002093,270986.06626443524,584,0.8661780873366863,75,Current,17.241709476259274
LN002600,BW001700,470472.4469467449,581,0.6237634314133604,75,Current,14.151577451535985
LN002603,BW001703,228143.889471519,578,0.5355846822130819,75,Current,17.241607763435933
LN002528,BW001628,112053.43101294448,578,0.9144029452554919,75,Current,15.868696533409786
LN002529,BW001629,443952.39172850124,543,1.7469532809253567,75,Current,16.82075591566942
LN002535,BW001635,324203.3768150776,583,0.7426720567795585,75,Current,17.057600445557224
LN002561,BW001661,223841.35437285056,591,0.6631109623395879,75,Current,15.566527823815267
LN002435,BW001535,161208.78754908766,636,0.9285736652302807,75,Late,15.354558778745874
LN003081,BW002181,404240.5709058881,560,2.2367089757802905,75,Paid Off,17.496183657364657
LN003103,BW002203,328004.80764577736,567,1.3218714190921366,75,Defaulted,16.52599642669399
LN003115,BW002215,240730.12539192135,584,1.1932522835401405,75,Current,16.39301172206821
LN003119,BW002219,244317.1868400588,565,2.05981078606338,75,Current,16.29046156858051
LN003125,BW002225,335078.54518651974,646,1.5462267499117284,75,Current,17.911388349312226
LN003022,BW002122,342440.75498327886,556,1.914469439293831,75,Late,14.534680995458809
LN003036,BW002136,336450.62220566213,582,2.2321840116684237,75,Late,17.346869461898493
LN003045,BW002145,426210.7595794543,598,1.071606761276095,75,Late,17.42534929934283
LN002310,BW001410,315582.30880266475,572,1.6869778318252964,75,Defaulted,16.981809654028083
LN002226,BW001326,402213.6140133394,448,0.5713753797798009,75,Current,17.806321237759477
LN002235,BW001335,328000.8044864573,554,1.679805164166328,75,Current,15.780444138880512
LN002238,BW001338,463144.4413018006,571,2.308743085607749,75,Paid Off,15.06598880005138
LN002253,BW001353,341168.77151075663,576,0.6590144726157349,75,Current,16.098342316294097
LN002270,BW001370,270766.12890760886,593,1.4167539680132417,75,Current,15.611014474989767
LN002639,BW001739,435241.2003134347,495,0.7475260662166004,75,Current,17.144461791212528
LN002651,BW001751,327034.52159912634,580,0.5749797321471304,75,Current,14.70989176522993
LN002410,BW001510,276724.6458667441,572,1.0142148095800088,75,Current,17.53767189937855
LN002421,BW001521,456156.473332308,576,2.967614634509224,75,Current,14.419756721311797
LN002343,BW001443,440006.4742525336,558,0.521352634062507,75,Defaulted,15.043233708771105
LN002348,BW001448,443832.68199905806,589,1.594379677671542,75,Defaulted,17.91740009729557
LN002350,BW001450,396580.71102166566,635,0.5112038463337792,75,Paid Off,14.905323358948298
LN002354,BW001454,260534.3496613725,631,0.7933315614409938,75,Current,14.29669052113969
LN002279,BW001379,184995.7356417227,593,0.5081433231770526,75,Current,16.668874442373834
LN002309,BW001409,383289.13950194273,678,2.814522857726833,75,Late,12.344954688119579
LN004979,BW004079,129698.77310021185,509,0.5904400762738512,75,Current,14.646355871878363
LN004988,BW004088,226418.24654918886,548,1.0606676704373839,75,Defaulted,17.882676904785846
LN003447,BW002547,229979.282486388,604,0.7512368147069517,75,Current,17.244315122362035
LN003451,BW002551,176405.76190631717,580,0.9279303635005076,75,Current,16.355349877367324
LN003371,BW002471,344784.89529175754,539,0.7863281317352614,75,Current,15.755719774331856
LN002376,BW001476,377269.3873829323,643,1.2298645500230738,75,Defaulted,17.50810908504655
LN002400,BW001500,470043.03941886337,584,1.96599242586065,75,Current,14.047421172840975
LN002409,BW001509,480302.07255730423,597,0.8918749374090553,75,Current,15.657107390359531
LN005082,BW004182,289510.10773891653,614,1.9677532437875978,75,Current,17.04452621431245
LN005083,BW004183,237922.01446214743,552,1.222645785836116,75,Current,15.44094875524734
LN005092,BW004192,442838.84621429595,536,1.1062377714679985,75,Current,17.50454861812831
LN005101,BW004201,424505.9943787376,646,0.9830721345824558,75,Defaulted,14.669805842090062
LN005001,BW004101,337248.98121980473,594,0.9704670491342257,75,Defaulted,16.554656308638716
LN005041,BW004141,478640.9585025656,641,3.506000577049769,75,Current,14.132335375118169
LN005060,BW004160,419763.9412194472,579,1.981752682740379,75,Current,15.792340303610324
LN004976,BW004076,379580.76278731367,561,1.59273673539319,75,Current,16.224806648468277
LN005470,BW004570,470553.16671185853,575,1.8077992657354798,75,Defaulted,14.94095010989778
LN005490,BW004590,375022.14994628815,580,0.4870857493901592,75,Current,17.483674067123488
LN005313,BW004413,450449.28270705906,575,1.3839665194486126,75,Late,17.151110964077233
LN005318,BW004418,271878.70388003794,599,0.504929432660117,75,Current,17.751715819084765
LN005327,BW004427,321105.3589218429,553,0.5586876075527611,75,Defaulted,16.068480739005707
LN005332,BW004432,353867.482871439,580,1.2573865695280575,75,Paid Off,17.09115122348584
LN005342,BW004442,188747.72633020466,599,0.40810045552383056,75,Current,17.86847403405054
LN005255,BW004355,332111.83144903515,575,0.5970907379750966,75,Paid Off,15.412308713772724
LN003615,BW002715,343639.53399941005,597,1.4137948471271502,75,Current,15.375710786208312
LN003623,BW002723,170170.8679010797,539,0.6851947461483392,75,Defaulted,16.517401473505494
LN003635,BW002735,404168.17826500826,551,0.6990084617186931,75,Defaulted,17.075447821436146
LN001905,BW001005,417898.63695917465,594,1.1854701260449196,75,Current,16.193603746967646
LN001914,BW001014,431904.89441987267,595,0.7074370621483145,75,Defaulted,15.335259646836949
LN005378,BW004478,182052.6444300394,572,0.6210261252740688,75,Current,17.07932856034841
LN005386,BW004486,394424.4211649177,585,0.8976721098418614,75,Current,16.481510744727068
LN005451,BW004551,228886.58640862128,560,0.8999055120660976,75,Defaulted,14.952315369407522
LN003268,BW002368,459579.1220136669,586,0.5601206378779733,75,Current,16.30307432620914
LN003271,BW002371,435661.15095864,601,1.8611860408981966,75,Defaulted,16.301555832218423
LN003286,BW002386,436476.11008840875,569,1.6079870954316646,75,Paid Off,17.24165045256395
LN003693,BW002793,229655.63963797453,545,0.5472173273468822,75,Late,16.32982132995758
LN003705,BW002805,405043.3139017069,627,3.86192368088997,75,Current,14.89417502241313
LN003739,BW002839,492954.9648832826,591,0.824523834776748,75,Late,17.752066906357083
LN003758,BW002858,320332.03249099123,558,0.5359618490463667,75,Current,15.456379434176068
LN003761,BW002861,494545.33117310586,594,0.9342461135358718,75,Current,15.319012369151062
LN002580,BW001680,445160.93664497446,632,0.9159607198946312,75,Late,15.775037511121342
LN003373,BW002473,346523.2257537108,454,0.764149903407076,75,Current,17.18882628682413
LN003385,BW002485,105922.54135872916,592,0.7407906975548202,75,Late,17.0718699860316
LN003406,BW002506,324978.9167872017,627,5.2233963238347485,75,Current,16.05620982117419
LN003324,BW002424,51228.03889739137,689,0.7109709567419528,75,Current,13.453224667911792
LN003362,BW002462,399345.8950556696,578,0.9210084207344436,75,Current,15.761809261285048
LN003226,BW002326,263269.4365981968,597,0.5830135039097827,75,Defaulted,14.833071285070275
LN003230,BW002330,331975.24207759986,540,1.4889273019494345,75,Current,17.32080132262591
LN003893,BW002993,418730.6682537206,540,1.0284108053776224,75,Late,16.167582067067933
LN003912,BW003012,420791.5973065649,645,6.905856856138677,75,Current,14.17960110888069
LN003955,BW003055,355357.00405120756,572,0.7232409518615684,75,Current,17.8085888375248
LN003843,BW002943,145262.70349637803,598,0.616319443896868,75,Current,17.322566313196837
LN003874,BW002974,378412.42809429957,484,1.4841505992563315,75,Late,17.67429391953844
LN003878,BW002978,149168.3809684265,623,1.6766031043211618,75,Current,16.55133681472828
LN003798,BW002898,390393.7666491666,592,1.7260738784481269,75,Current,17.207474772818635
LN003816,BW002916,444162.3995274674,536,0.5181627680072369,75,Current,15.0365927946368
LN003515,BW002615,52528.63294036383,671,0.7485733410775032,75,Current,12.621710004412417
LN003529,BW002629,200124.0929482458,565,0.41279538129132604,75,Current,17.420783224787915
LN003974,BW003074,298542.4048397815,473,0.5193688919131374,75,Paid Off,14.111002391954553
LN004002,BW003102,406636.18067605793,595,1.1282918502807857,75,Current,15.535658242004837
LN004018,BW003118,268302.3746033189,591,1.2132448981102484,75,Current,16.085064954249773
LN004046,BW003146,171537.77443948016,549,0.6089583626785446,75,Current,16.159653187447837
LN003888,BW002988,284880.63998895476,621,1.2131014456698326,75,Defaulted,16.171269448312703
LN003890,BW002990,491744.19083043165,620,2.0561646852391084,75,Late,17.856362925222786
LN003651,BW002751,377132.80994664703,594,0.9256224917146009,75,Current,15.42591266059133
LN003658,BW002758,428137.78756695095,590,0.9767150516552704,75,Current,17.749597102311444
LN003673,BW002773,490360.94830715994,627,1.0071828099100826,75,Defaulted,15.659115612721234
LN003532,BW002632,193087.58760691204,547,0.5370246933642232,75,Current,17.77832157983247
LN003539,BW002639,58962.298544580466,645,0.668993778069891,75,Current,16.5597797404192
LN003582,BW002682,416892.7101464541,527,0.882993786978716,75,Current,15.014704606380521
LN003494,BW002594,356775.401648094,557,1.2991722284744809,75,Current,15.000536417348169
LN003509,BW002609,489016.68712340645,595,2.104796810455713,75,Current,14.531673981605412
LN005275,BW004375,383196.8654147272,579,0.6349719518904993,75,Current,16.98201913886609
LN005283,BW004383,391547.8584893475,591,2.2419104581819664,75,Current,15.424726156673515
LN005285,BW004385,353408.34659619775,545,0.6130244794759495,75,Current,17.041374860802414
LN005296,BW004396,424638.30996974953,568,0.725473738997967,75,Defaulted,16.406346057405464
LN005195,BW004295,320343.16297689674,557,2.5161346493263483,75,Defaulted,15.845619779330645
LN005246,BW004346,340883.6625923358,581,0.617445930824127,75,Current,15.296896337489517
LN005249,BW004349,246826.10922187366,578,0.7849087596623834,75,Current,17.789592345388186
LN003639,BW002739,370153.79648021754,658,4.634775004936132,75,Current,11.61646472618464
LN001649,BW000749,334643.8472098298,577,0.9521972711076487,75,Current,15.366698295273817
LN002104,BW001204,341261.749330209,569,1.0794163842331592,75,Current,17.564220775367282
LN002144,BW001244,326507.6942834523,622,1.907849239160396,75,Paid Off,17.433165342212426
LN002169,BW001269,394392.99545779167,587,3.0370961135128014,75,Defaulted,15.507423931936435
LN002010,BW001110,367229.16704364785,579,1.0248804421726307,75,Paid Off,15.390399257834604
LN002011,BW001111,474029.2561130554,646,1.2375679555184964,75,Current,16.901558406647332
LN002071,BW001171,212095.4790283845,638,0.5872002548014719,75,Current,16.88265781803145
LN002078,BW001178,340165.13179689547,598,1.7556646142854402,75,Paid Off,15.014004064423093
LN001685,BW000785,467039.49787661014,566,1.1580558161456538,75,Defaulted,16.247792439972958
LN001705,BW000805,391333.21349817666,567,0.8749402954420801,75,Defaulted,16.430742564203243
LN001707,BW000807,374881.8883295774,595,0.8511408033278423,75,Current,17.923044697555405
LN001600,BW000700,246828.52088792727,510,0.5655414687759546,75,Defaulted,14.426847276409417
LN001603,BW000703,465682.76650338713,456,1.0733690925029093,75,Current,17.99279963066247
LN001617,BW000717,205708.47978355715,638,0.6290065998357299,75,Late,14.009293624527722
LN001622,BW000722,286901.1429666951,552,0.6632269043939647,75,Late,14.733694573991825
LN001637,BW000737,246510.5966632544,594,0.6543199144196956,75,Paid Off,14.222911942803938
LN004199,BW003299,320661.58828715456,563,1.578411781253032,75,Current,17.27505641020534
LN004201,BW003301,426430.1472735854,647,0.8649968035894091,75,Current,16.997032461383714
LN004203,BW003303,406519.6317429375,564,0.5117127140720921,75,Current,15.5348692421548
LN004230,BW003330,221599.36187920035,586,1.1435711051106958,75,Current,14.417507715278337
LN004141,BW003241,306543.26243016066,548,0.9434591406500871,75,Current,14.792131701848913
LN004158,BW003258,339506.571826106,553,2.0449696071919172,75,Defaulted,17.982740356772155
LN001661,BW000761,427008.6092133727,571,1.213713957482588,75,Current,16.73330545051092
LN001668,BW000768,131058.56411553113,587,0.6749819713571042,75,Defaulted,16.26607266235132
LN004283,BW003383,495881.9223028328,524,1.4414480037155228,75,Current,15.931303444701154
LN004296,BW003396,379611.7146589212,522,1.8320849853678634,75,Current,17.859095676915082
LN004299,BW003399,176760.61145475885,581,1.3122225370470026,75,Defaulted,16.5365679844173
LN004244,BW003344,223805.0176922242,580,0.5939575588455673,75,Current,16.552578273488695
LN004247,BW003347,340649.357544511,688,2.242338822538682,75,Late,12.067852868901454
LN004250,BW003350,185596.1236149241,448,0.4849098854897109,75,Current,17.960985333533902
LN004256,BW003356,486662.23266459233,597,0.7672712510261039,75,Defaulted,14.1761933446502
LN004267,BW003367,318180.75600632565,595,1.0053148799563272,75,Defaulted,16.631409527654146
LN005946,BW005046,447633.3940363347,622,0.7120218458126664,75,Current,15.363252973240604
LN001086,BW000186,386767.1009172703,592,0.7722897748834994,75,Paid Off,16.94577694249889
LN005912,BW005012,480720.566700906,640,0.5713615615840127,75,Defaulted,16.184710930747013
LN005919,BW005019,471143.0516796358,579,0.7711520317862086,75,Late,17.36110719425084
LN005958,BW005058,465003.24286357814,634,0.6741165458238719,75,Defaulted,17.33870791901112
LN005993,BW005093,480922.9055454742,566,2.472522224797992,75,Current,15.524258154353568
LN005994,BW005094,499469.43885999476,584,1.0733831123311868,75,Current,15.497775889812607
LN005573,BW004673,449782.59537715896,434,0.6352244359859072,75,Defaulted,15.629624390430267
LN004495,BW003595,450807.09021149296,598,1.0637482061416719,75,Paid Off,17.00470237482421
LN004357,BW003457,131129.76027075623,575,0.5625673381264169,75,Current,14.926240725757065
LN004389,BW003489,371900.8358039437,627,0.7724890203883505,75,Late,17.560874042273163
LN004415,BW003515,445368.08922444726,576,1.0687070562079803,75,Current,15.626829883887165
LN005931,BW005031,382419.70350879093,592,0.5649980462956268,75,Defaulted,16.83012194250232
LN005932,BW005032,357765.4562636984,583,1.821386714148589,75,Late,14.502498069675466
LN005941,BW005041,157150.2919838143,625,1.282050332454834,75,Paid Off,17.68716139007514
LN005942,BW005042,363167.87655801134,590,0.7949270803654598,75,Current,17.621888857395767
LN001868,BW000968,320162.99260718114,502,0.8144649961344332,75,Current,15.201955034530556
LN001737,BW000837,277519.9238068978,523,1.0115822798394725,75,Current,15.331826457485672
LN004642,BW003742,390799.4610874464,551,1.1945873815538295,75,Defaulted,17.780315908387163
LN004551,BW003651,196562.43085524617,671,1.4083302268398188,75,Paid Off,13.273288574436267
LN004581,BW003681,201040.74838280785,563,0.7125117529704308,75,Current,14.298027602944265
LN004435,BW003535,330669.18073930306,521,0.5865695288811107,75,Current,16.798175053111024
LN004444,BW003544,144691.0594731451,575,0.5297739524915147,75,Defaulted,14.539288344625882
LN004449,BW003549,109259.08159077346,593,0.6203607502427599,75,Defaulted,14.122453119588315
LN001446,BW000546,87121.00706353919,638,0.6689834141050816,75,Current,14.359507406944642
LN001457,BW000557,320698.2002135678,648,1.0111505949242776,75,Current,17.730178357409805
LN001460,BW000560,465668.0257942201,519,0.9927780413902495,75,Current,17.738919661953204
LN001467,BW000567,396747.82650095294,608,1.2664070638575944,75,Defaulted,17.31461162447316
LN001403,BW000503,495889.55631936365,545,0.907257667504418,75,Current,17.741938054109983
LN001436,BW000536,322544.7182218446,596,1.7543421490921978,75,Current,15.247647622146822
LN001445,BW000545,276331.8753503709,537,0.46218093625617956,75,Paid Off,15.970396020887257
LN001860,BW000960,499120.11305148003,521,2.9418774905140275,75,Defaulted,16.564024229282804
LN001062,BW000162,248597.5650743714,578,0.8947389514911585,75,Defaulted,14.836523164314057
LN002757,BW001857,442564.7190764123,576,0.570094584789639,75,Current,16.539980280883693
LN002761,BW001861,442509.34548197984,541,0.922055988912093,75,Paid Off,14.768039106094378
LN002674,BW001774,206680.64811924117,589,0.7135054070091407,75,Current,15.214163631989196
LN003149,BW002249,475333.32867773133,591,2.5009240081053923,75,Current,14.696269534653482
LN003160,BW002260,284560.35759971326,581,1.7430911259839235,75,Current,17.57872469733067
LN003216,BW002316,365270.11122281535,635,1.2677944197402784,75,Late,14.1794698522504
LN003080,BW002180,211184.58052970422,573,0.976014675678063,75,Current,17.86196375375114
LN001388,BW000488,494778.30982770293,496,0.9858230521928926,75,Current,16.624220087902817
LN001230,BW000330,402783.75004355994,615,1.9227629053919069,75,Current,16.90074219210956
LN001234,BW000334,308819.822313771,578,0.6181264998910702,75,Late,17.36579021233904
LN001285,BW000385,142827.50708396512,593,0.6712180799111358,75,Defaulted,17.803090830925353
LN001288,BW000388,399139.0948036129,575,3.095887091393518,75,Current,14.54640361460469
LN001309,BW000409,439291.02804160374,584,0.5784956345919964,75,Current,14.407214731798147
LN001327,BW000427,276685.0392132912,590,0.765899784823265,75,Current,15.562728443943756
LN001140,BW000240,468425.06189062644,577,1.0905725638013612,75,Current,17.740807261197837
LN005760,BW004860,493476.70041472604,585,2.2247068467412023,75,Defaulted,15.730055164229247
LN005766,BW004866,493233.33976966457,562,0.9408288935172167,75,Current,16.56122349160276
LN005775,BW004875,275642.12148394244,529,0.5359960320870187,75,Defaulted,16.00717824378819
LN005796,BW004896,497806.69443532126,582,0.9334484523628374,75,Defaulted,15.00792956638066
LN005808,BW004908,306019.0213265191,571,0.6821052933527427,75,Defaulted,15.00202503507921
LN005822,BW004922,355846.1726539487,623,1.6128693319390994,75,Current,14.482576874509213
LN001330,BW000430,470929.86187971657,593,0.8316318439936949,75,Current,17.882706181638977
LN001376,BW000476,323907.07820715173,595,0.8384924264731621,75,Defaulted,14.624826274746487
LN005585,BW004685,428358.41223768605,545,0.6319264921039924,75,Late,17.919443365596944
LN005612,BW004712,386734.8601809234,645,0.6903295649717772,75,Current,17.57710529409723
LN005527,BW004627,333016.80638608616,576,1.1911347088019906,75,Current,17.57628832121366
LN005538,BW004638,446785.5682187127,541,1.9552036090673584,75,Defaulted,14.713963637369343
LN001519,BW000619,152542.76957915205,539,0.8598292135493801,75,Current,16.69607013953587
LN001534,BW000634,179066.68680924317,555,0.5096294126880497,75,Current,15.723433101529082
LN005852,BW004952,497428.1357107794,624,1.3162559798978353,75,Current,16.388352156633836
LN005857,BW004957,288431.085006982,586,0.6873283760529452,75,Current,14.274083201662132
LN001097,BW000197,293605.57267999765,625,0.4174403870304441,70,Late,16.815784540554038
LN001101,BW000201,267182.5309342651,603,1.9566677267643195,70,Current,16.306065902057014
LN001106,BW000206,170450.7259543956,530,0.3597252363294356,70,Current,15.406160644536875
LN001116,BW000216,59186.461346162,614,0.5675302310867166,70,Current,17.799844735800903
LN001147,BW000247,195004.34017455915,696,0.964742707549159,70,Current,12.526240880370082
LN001170,BW000270,228625.0009749284,664,0.85533544783468,70,Defaulted,13.47703849860421
LN001220,BW000320,489877.6659889697,611,2.1960308323009925,70,Paid Off,16.261321018286438
LN001237,BW000337,395281.43491038284,603,0.7442564751760717,70,Current,17.595389552720988
LN005799,BW004899,235053.59392071192,631,0.4575120136862534,70,Current,16.961894020789742
LN005810,BW004910,449922.37189619866,635,3.2444544184089352,70,Current,14.625630503855398
LN005829,BW004929,264450.69606979913,628,0.5288663418862725,70,Current,14.652761837546528
LN005869,BW004969,245591.64440072488,694,0.6028836044394453,70,Paid Off,13.828250528791225
LN005879,BW004979,277574.6433108194,662,0.7007142590454404,70,Current,11.25471760311963
LN005904,BW005004,390122.4730334575,628,0.6234816798279862,70,Current,17.613311686475814
LN005938,BW005038,294089.96632275556,653,1.8819332263237003,70,Current,11.625576296685203
LN004399,BW003499,462447.2597408569,731,4.060431506154124,70,Paid Off,8.97203763550766
LN004408,BW003508,408965.2688665024,646,4.968623065691465,70,Defaulted,16.095584929570975
LN004462,BW003562,136366.3203375937,691,0.5317456044105449,70,Current,13.879755857250206
LN004528,BW003628,468246.5087340308,668,1.8315054037396021,70,Current,13.958729979720353
LN004544,BW003644,192513.61983685032,659,0.5516461611814791,70,Current,11.525352465269286
LN004574,BW003674,325206.5689312821,647,3.06963844098234,70,Defaulted,15.461894477759884
LN004585,BW003685,494721.9022465332,628,5.528958855000966,70,Late,17.28611593729419
LN004624,BW003724,467757.6177208538,636,1.058092089238584,70,Current,17.458006513173807
LN004654,BW003754,366151.2368264566,610,2.6455126252863037,70,Current,16.013536200876217
LN004710,BW003810,89272.39579187824,603,0.4949920254008563,70,Defaulted,16.02039624699783
LN004723,BW003823,341419.5002007126,678,0.6320450136783404,70,Defaulted,12.972654688377919
LN004825,BW003925,480456.6411815571,650,0.5650315699135322,70,Paid Off,12.932092863142021
LN004876,BW003976,119626.01757191616,680,1.2865764238934678,70,Current,12.669080659562102
LN004922,BW004022,398252.93371426186,668,0.8996395962855971,70,Paid Off,10.440118496581817
LN004112,BW003212,324295.79605919233,674,0.8234377399505617,70,Current,12.366543693097839
LN004149,BW003249,418615.92264650244,642,0.8888099969070403,70,Paid Off,17.304854847802453
LN004232,BW003332,343587.5716643903,665,0.9993982034016653,70,Paid Off,10.682907726969884
LN004234,BW003334,330539.526464268,641,3.1286169969562017,70,Defaulted,17.30893469121657
LN004271,BW003371,478856.3764381827,697,0.5263765462089524,70,Paid Off,12.079220589043963
LN004346,BW003446,407279.573645057,614,1.0080178401251974,70,Current,16.59746672455126
LN003788,BW002888,349987.0947906532,646,0.5375859072890787,70,Current,17.062362647661153
LN003811,BW002911,342557.22268181,696,1.0013927440391717,70,Late,10.362377622990266
LN003833,BW002933,332472.4875228675,604,1.4612170008497865,70,Current,17.57866288257785
LN003853,BW002953,300754.1511967344,630,4.063579128912208,70,Paid Off,15.589731799910957
LN003855,BW002955,226941.44343526565,673,1.003887395368664,70,Current,10.467016144046555
LN003858,BW002958,101433.93646502898,603,0.6349925743480089,70,Current,14.138498295106382
LN003863,BW002963,265564.6931916112,684,0.7770737987104229,70,Current,12.914568756736246
LN003925,BW003025,462722.0131684962,609,1.3194597510035553,70,Current,16.67988539560376
LN003484,BW002584,142105.2286875924,595,0.34128012712568134,70,Defaulted,15.349666497519854
LN003485,BW002585,139618.14378923055,645,1.4242078626392374,70,Current,16.956050974438057
LN003534,BW002634,369491.20203121676,665,0.7781560642513509,70,Paid Off,10.318953869431649
LN003558,BW002658,246838.71032686278,609,2.1795823641946876,70,Current,14.783403107613054
LN003562,BW002662,295451.3442844783,614,2.096993703617277,70,Defaulted,14.876140132736014
LN003228,BW002328,232705.98805495046,657,1.0061951822835138,70,Current,13.261416536601462
LN003295,BW002395,254353.12921049068,558,0.35108139169165425,70,Defaulted,14.515404666044862
LN003387,BW002487,211802.9173000477,618,0.5770998790665738,70,Current,17.320573460210376
LN003436,BW002536,223038.436202715,602,1.9234683236940588,70,Current,15.637547347265796
LN003448,BW002548,448240.37487427244,691,0.9508663285911884,70,Current,11.273105261373944
LN003479,BW002579,420795.641846741,636,1.6329871576440533,70,Paid Off,17.61491990485455
LN004939,BW004039,272441.9186655376,619,2.9096170773351733,70,Current,14.627252721284615
LN004960,BW004060,376579.55295637524,632,0.7676167315264486,70,Paid Off,17.812718467170367
LN005002,BW004102,276673.1865370544,607,3.353072456741816,70,Current,14.436666983512227
LN005006,BW004106,345729.83575793344,611,0.7574839622888107,70,Current,17.255358704144612
LN005007,BW004107,496944.2177755958,645,4.828057401750667,70,Current,14.748544559233308
LN005128,BW004228,328125.97894883546,527,0.4010811156613759,70,Current,17.675424435703
LN005175,BW004275,366834.52746796195,699,1.0605715324477438,70,Current,12.625504437599417
LN003000,BW002100,441571.4017767749,666,0.7016359838086454,70,Defaulted,11.402378689104538
LN003015,BW002115,495384.05137923866,684,0.6672584944018222,70,Paid Off,10.56686083299029
LN003043,BW002143,230910.8169991449,640,1.430619059312788,70,Current,17.76858641226478
LN003066,BW002166,337877.5750433408,627,2.001244020523852,70,Current,14.790389539364318
LN003067,BW002167,113906.2363324358,616,0.6037632630316055,70,Current,17.2084657886516
LN003113,BW002213,377261.9467569004,625,2.7825936331735406,70,Current,17.587040190822503
LN002662,BW001762,415420.35467595706,682,1.1886429546085555,70,Late,13.591324318405679
LN002684,BW001784,254390.58831263025,627,1.7929362517128684,70,Current,14.127366978192391
LN002685,BW001785,215580.50441804563,680,0.549081402437676,70,Current,10.518106439601409
LN002693,BW001793,313034.2310396326,626,1.1379591797547381,70,Current,14.221562920083757
LN002715,BW001815,443214.94166907924,687,2.692964492552836,70,Current,12.011374842572542
LN002751,BW001851,472952.27655598364,645,3.0800922545157574,70,Current,14.9692809254829
LN002766,BW001866,168439.60646067548,569,0.35279894987064636,70,Paid Off,14.353129994339666
LN002777,BW001877,192104.11752393103,612,1.2350155641201788,70,Current,14.065507625913913
LN002808,BW001908,247229.7970767547,616,0.7683126033369074,70,Defaulted,17.59746611568371
LN002814,BW001914,325539.61493844417,662,1.8182631793841473,70,Current,12.087491891059589
LN002922,BW002022,121278.5992599631,563,0.4907530866459339,70,Defaulted,17.18512975318025
LN002433,BW001533,107692.30473253981,584,0.3785683669604987,70,Current,17.72998349805496
LN002513,BW001613,289691.3569298104,621,1.4419280481740286,70,Defaulted,16.37303788070151
LN002562,BW001662,140541.2065466793,699,0.8895681176088504,70,Current,12.177015637403452
LN002606,BW001706,431604.92475817836,668,1.9728306139069833,70,Current,13.449670161079073
LN002610,BW001710,460664.93946361565,638,2.8831640121754614,70,Current,15.927027636490706
LN002627,BW001727,389051.41213603265,612,1.2202821509333805,70,Current,14.209223088333285
LN002635,BW001735,174478.97417454823,657,2.2058197419680368,70,Current,11.992482065703449
LN002265,BW001365,349422.1458387612,665,0.6286766409265319,70,Current,12.752455505044221
LN002277,BW001377,282999.9990967702,643,1.8155299910415872,70,Current,16.8176221766503
LN002285,BW001385,397491.6747372406,746,3.496888163730714,70,Current,9.03251682598738
LN002308,BW001408,486379.8583266988,611,0.9069633973483457,70,Current,17.831277295253038
LN002312,BW001412,345043.2542677564,636,0.4173985802355067,70,Current,15.706211416966559
LN002324,BW001424,431662.3253325906,663,0.787637212459898,70,Late,12.729916264947448
LN002352,BW001452,340491.44470952224,606,2.1901570317227264,70,Current,15.497344614786957
LN005217,BW004317,98765.98655241035,626,1.111167039094766,70,Current,17.72905174616815
LN005250,BW004350,346042.2765409042,605,0.7425694076168913,70,Current,15.431186091576759
LN005310,BW004410,318621.17646611185,730,2.6884785111235434,70,Current,8.923101444732595
LN005389,BW004489,336001.7635661149,649,3.2678071543335903,70,Defaulted,14.785299136508895
LN001874,BW000974,469336.6575091952,698,1.7114749787443793,70,Late,11.333471352466251
LN001909,BW001009,353031.48236091924,622,0.6234916781141913,70,Current,16.380185379695046
LN001940,BW001040,275221.7668370697,686,0.7406597686283631,70,Defaulted,10.574750500736851
LN001958,BW001058,472064.7824927036,611,5.615801782767029,70,Current,17.193091986185223
LN002005,BW001105,318475.32375483273,638,1.0371442316428516,70,Late,17.061329723738176
LN002096,BW001196,273089.75408517977,625,1.2760163693202446,70,Defaulted,15.051522807957305
LN002102,BW001202,239791.15742239406,658,0.5192538124654159,70,Current,12.697730225874388
LN002105,BW001205,72435.6575151342,720,0.5771263797646653,70,Current,6.086591610348991
LN001596,BW000696,227387.73844049018,624,2.6030532046516544,70,Current,16.016531367673753
LN001646,BW000746,473840.70332314563,655,0.530945765675234,70,Defaulted,10.32267906956471
LN001679,BW000779,99335.14302601095,691,0.7504677756543829,70,Current,13.370152917594549
LN001700,BW000800,362006.1114119637,690,0.5972222351583971,70,Current,11.060914090010698
LN001714,BW000814,463163.58954918454,670,1.423943447899338,70,Defaulted,12.676616622139402
LN001842,BW000942,429668.95076056605,606,1.057545411205293,70,Current,14.102969638988865
LN001857,BW000957,271059.4080682511,697,1.363098313540712,70,Current,12.718903184007033
LN001402,BW000502,359444.73675486154,634,2.7042868152178823,70,Current,17.177923271414024
LN001420,BW000520,454088.2274564209,604,1.7770870397732956,70,Current,17.517320862713895
LN001453,BW000553,407174.54141686496,676,0.9381342276853601,70,Current,11.905845084957598
LN001463,BW000563,470549.4566753043,697,2.0565184619324177,70,Current,10.541421739893137
LN001466,BW000566,439990.7786474927,682,1.234626166434793,70,Late,12.382719296646119
LN001469,BW000569,475513.74637243245,634,4.480293739183686,70,Current,15.36738914199237
LN001488,BW000588,259285.38833157587,635,2.4572020828741494,70,Current,17.632060357499896
LN001510,BW000610,448053.0189799174,620,3.683676105715319,70,Paid Off,15.832114466335474
LN001514,BW000614,375942.6132784572,691,0.8254351209014055,70,Current,13.209607137805296
LN001518,BW000618,149223.7310546835,628,0.6512227930564479,70,Defaulted,17.90998503283557
LN001581,BW000681,426663.7332902495,696,0.7365228803044459,70,Defaulted,10.681850046326568
LN005506,BW004606,68329.47103341194,630,0.40940601005375554,70,Current,17.279657401994303
LN005526,BW004626,365765.44376126997,618,0.8480033904946371,70,Current,17.044133458893608
LN005529,BW004629,55807.45749230311,607,0.544498689290636,70,Defaulted,17.21054639525145
LN005596,BW004696,381409.9679337775,638,1.2245449193957276,70,Current,14.604541037664806
LN005622,BW004722,383492.997100181,608,0.6945832086195383,70,Current,14.313836002163493
LN005642,BW004742,347175.5135623878,628,2.273992929235448,70,Late,17.007155323239946
LN005694,BW004794,138119.86787386375,628,0.5928185230627409,70,Current,15.454153877719301
LN005737,BW004837,316553.69791879295,602,2.3923764041752555,70,Current,14.790188213107925
LN001077,BW000177,469478.5261264137,651,0.6463996843941228,70,Current,11.516914339855202
LN005962,BW005062,256541.80956790055,684,0.5698842380622118,70,Current,12.240215920059901
LN005971,BW005071,495915.9039915451,693,1.3472160079631577,70,Late,12.89539775478221
LN005976,BW005076,344037.4929337191,584,0.3993544605637856,70,Defaulted,15.047458677523931
LN001057,BW000157,364429.8178155648,652,1.2669381931324344,70,Defaulted,13.398589562709645
LN001025,BW000125,290567.4228900478,634,0.5693827706342882,70,Current,17.456670260287613
LN001015,BW000115,357573.9420125988,658,1.6555165411365032,70,Paid Off,11.139361977509871
LN005999,BW005099,360364.24534764764,601,1.3711532203041676,70,Current,14.073052420490884
