CustomerID,Age,Tenure_Years,Balance,IsActiveMember,RiskScore,RiskCategory,Churn
3824,23,0,23965.159962081983,0,100,High Risk,1
2291,50,0,35505.51103028843,0,100,High Risk,1
6825,36,0,81924.27606390981,0,100,High Risk,1
1783,50,1,10471.507613775522,0,100,High Risk,1
9272,60,0,24402.129705896503,0,100,High Risk,1
4192,55,0,34620.40219074178,0,100,High Risk,1
4129,46,0,61056.33339984454,0,100,High Risk,1
4224,55,0,28627.196478064554,0,100,High Risk,1
10810,41,2,9975.817652822072,0,100,High Risk,1
1112,44,0,3930.002575862457,0,100,High Risk,1
6716,38,0,22595.81070086267,0,100,High Risk,0
10254,25,0,11749.095825712348,0,100,High Risk,1
7764,70,0,5844.430423017632,0,100,High Risk,1
7790,55,0,68588.99647693604,0,100,High Risk,1
7609,33,0,80914.52320133144,0,100,High Risk,1
1847,49,0,28790.60034717812,0,100,High Risk,1
4397,52,0,30385.267331048515,0,100,High Risk,1
7361,58,0,59915.29645654783,0,100,High Risk,1
6848,30,0,1071.7753542333896,0,100,High Risk,1
2523,41,1,4742.786622687928,0,100,High Risk,1
8020,45,0,80054.60040388675,0,100,High Risk,1
6079,50,0,15037.720935093812,0,100,High Risk,1
6085,59,0,70038.9464775679,0,100,High Risk,1
4406,18,2,81650.72006549426,0,100,High Risk,0
8072,30,0,81922.362360657,0,100,High Risk,1
6750,30,0,27649.11416724,0,100,High Risk,1
8676,33,1,15799.824282332009,0,100,High Risk,1
10582,23,1,33264.55822902366,0,100,High Risk,1
10177,63,1,76422.98642302411,0,100,High Risk,1
4967,49,0,11094.501890318576,0,100,High Risk,1
6203,47,0,76914.50318075813,0,100,High Risk,1
1606,73,0,34819.61828606509,0,100,High Risk,1
1938,55,1,26217.80525280365,0,100,High Risk,1
10911,48,2,40154.32329983809,0,100,High Risk,1
5744,51,0,6308.721396700523,0,100,High Risk,1
7719,71,0,21179.624220021316,0,95,High Risk,1
7544,42,0,32440.826824499032,0,95,High Risk,1
9407,75,1,45875.296825892365,0,95,High Risk,1
3388,31,0,46255.69424693979,0,95,High Risk,0
7699,28,0,1981.3645018568748,0,95,High Risk,1
1213,59,2,35954.9423839772,0,95,High Risk,0
1312,61,0,35971.59358883478,0,95,High Risk,1
2788,33,0,10945.980167468728,0,95,High Risk,1
4567,48,0,109364.55682429264,0,95,High Risk,1
10165,59,0,76490.67579726005,0,95,High Risk,1
8776,54,2,49860.98806488629,0,95,High Risk,1
2956,65,1,42263.33254185016,0,95,High Risk,1
10449,39,0,140884.13405789327,0,95,High Risk,1
5753,41,0,55798.23993004593,0,95,High Risk,1
9453,31,0,9670.815224500057,0,95,High Risk,1
1394,72,0,31577.481655513744,0,95,High Risk,1
3532,31,0,53821.30626929788,0,95,High Risk,1
10195,29,2,71839.95909540872,0,95,High Risk,1
7458,59,0,62064.52851824687,0,95,High Risk,1
10245,40,0,74094.30119426205,0,95,High Risk,1
10375,32,0,67639.42667910091,0,95,High Risk,1
3202,42,0,40928.99532521929,0,95,High Risk,1
5905,54,0,50403.71550746786,0,95,High Risk,0
4573,49,0,45906.182346046626,0,95,High Risk,1
2386,49,2,4652.75408903934,0,95,High Risk,1
4438,25,0,16845.993532441844,0,95,High Risk,1
6480,61,0,46253.22303824761,0,95,High Risk,1
2865,64,0,55547.29405207517,0,95,High Risk,1
6754,24,0,58185.03684770693,0,95,High Risk,1
9585,41,0,148668.31159747517,0,95,High Risk,1
9849,37,2,69978.39242402748,0,95,High Risk,1
4493,52,2,14444.798015777333,0,95,High Risk,1
1721,49,0,13645.077647381764,0,95,High Risk,1
4235,25,0,20218.15096187507,0,95,High Risk,1
3725,74,0,35296.49614492958,0,95,High Risk,1
1764,43,2,80313.0440658383,0,95,High Risk,1
3886,37,0,65691.00947856352,0,95,High Risk,0
2665,64,0,52489.18006225295,0,95,High Risk,0
5090,39,0,67329.5403398211,0,95,High Risk,1
8285,63,2,71356.92128111834,0,95,High Risk,1
8714,49,0,6151.5072812475255,0,95,High Risk,1
5810,38,0,9971.295371583006,0,95,High Risk,1
7984,34,0,2433.468099158287,0,95,High Risk,1
1890,61,1,25721.561330512788,0,95,High Risk,0
10321,38,0,68009.66414539059,0,95,High Risk,1
3718,58,2,28897.965097822165,0,90,High Risk,1
4132,44,1,24013.179897388574,0,90,High Risk,1
3324,70,2,44593.415869257246,0,90,High Risk,1
3624,66,1,55840.97022158413,0,90,High Risk,1
3933,31,0,116441.23082512908,0,90,High Risk,1
4302,30,3,51126.57834978087,0,90,High Risk,1
4426,60,3,38664.62504637053,0,90,High Risk,0
4773,33,0,132714.94383180104,0,90,High Risk,1
6944,21,0,66060.24046875002,0,90,High Risk,1
7148,39,4,32183.45234618289,0,90,High Risk,1
7358,21,0,92519.52926432925,0,90,High Risk,1
9858,46,2,31714.255927728947,0,90,High Risk,1
4090,47,0,133189.81816086857,0,90,High Risk,1
6569,49,1,45590.004242656716,0,90,High Risk,1
6600,51,0,72648.91100744662,0,90,High Risk,0
7083,63,1,77897.31766835928,0,90,High Risk,1
3430,39,2,32052.23799707771,0,90,High Risk,1
8968,39,1,5268.002664225141,0,90,High Risk,1
9543,34,0,100699.90398642627,0,90,High Risk,1
3489,45,1,3905.944459178884,0,90,High Risk,1
6042,19,0,148334.73512620103,0,90,High Risk,1
6520,22,1,2997.811007063811,0,90,High Risk,1
4866,34,0,177280.40195971527,0,90,High Risk,1
9706,54,1,15624.279893328625,0,90,High Risk,1
5834,54,1,16321.822803477577,0,90,High Risk,1
5255,48,0,126550.74931652704,0,90,High Risk,1
5874,48,0,137991.68035622552,0,90,High Risk,1
2539,27,1,35869.81743640205,0,90,High Risk,1
8068,41,0,168388.76469239226,0,90,High Risk,1
8209,25,2,31552.245977798542,0,90,High Risk,1
2615,42,0,203840.50086779494,0,90,High Risk,1
10149,37,0,19038.346382331343,0,90,High Risk,1
6068,69,2,79699.60201101734,0,90,High Risk,0
5576,41,2,66897.5445819632,0,90,High Risk,1
5663,36,1,9033.634953840048,0,90,High Risk,1
5636,18,0,73386.3232237417,0,90,High Risk,1
8614,39,0,131099.99311021483,0,90,High Risk,1
5065,30,1,51865.14635904865,0,90,High Risk,1
5067,47,2,47556.67410410327,0,90,High Risk,1
3129,55,0,38489.07553090769,0,90,High Risk,0
1110,43,0,118099.99220984108,0,90,High Risk,1
10181,43,0,95163.36078026753,0,90,High Risk,1
3110,54,1,40471.70583914675,0,90,High Risk,1
3260,47,0,41545.571080854825,0,90,High Risk,1
8915,39,0,90099.37142645394,0,90,High Risk,1
2738,28,1,68433.96471245967,0,90,High Risk,0
5446,33,2,80284.72923647409,0,90,High Risk,1
10820,61,1,72936.33706389519,0,90,High Risk,1
9502,38,0,58166.40453019598,0,90,High Risk,1
3543,41,2,57649.85871254577,0,90,High Risk,1
10843,36,1,39928.26748100589,0,90,High Risk,1
9441,33,0,24341.809185479986,0,90,High Risk,1
2010,36,0,2395.2537747308766,0,90,High Risk,1
7225,52,1,14045.0899295278,0,90,High Risk,1
7660,49,0,44243.907466605146,0,90,High Risk,1
7614,77,0,166150.69118569998,0,90,High Risk,1
1252,58,0,46403.67267659906,0,85,High Risk,1
10984,48,2,45966.10298205428,0,85,High Risk,1
1232,48,3,58774.27881768807,0,85,High Risk,1
1349,34,2,116812.71203600518,0,85,High Risk,1
1324,76,2,67685.45337237278,0,85,High Risk,0
1089,37,2,28951.877578895863,0,85,High Risk,1
7494,54,0,72589.49690594057,1,85,High Risk,1
7551,44,2,85136.82132927189,0,85,High Risk,1
7793,58,2,212.27740542953399,0,85,High Risk,1
7744,22,1,55882.015560382744,0,85,High Risk,1
7756,18,4,9930.300462942243,0,85,High Risk,1
1495,67,1,5094.28677005791,0,85,High Risk,1
1581,50,2,46558.05119105347,0,85,High Risk,0
1624,65,1,58239.3817056932,0,85,High Risk,1
7190,64,2,10175.610455010836,0,85,High Risk,0
7261,66,4,9374.665116793218,0,85,High Risk,1
9425,54,2,24594.24443227029,0,85,High Risk,1
3537,59,3,80127.48878990342,0,85,High Risk,1
1274,45,2,860.6247361024333,0,85,High Risk,1
1298,49,1,41629.67763346534,0,85,High Risk,1
10687,18,0,36299.15755751059,0,85,High Risk,0
10729,38,0,115793.65000560612,0,85,High Risk,1
7447,33,0,58192.46405964973,0,85,High Risk,1
7464,53,1,54668.55447898519,0,85,High Risk,1
1695,53,4,18482.597689539136,0,85,High Risk,1
10556,75,0,38577.95586691274,0,85,High Risk,1
5354,19,2,11097.426043796515,0,85,High Risk,0
5402,61,0,180924.09936716562,0,85,High Risk,1
8709,34,1,61294.7035431293,0,85,High Risk,0
8729,50,4,62511.369064657236,0,85,High Risk,1
8662,47,2,68763.26583516343,0,85,High Risk,1
8763,29,0,7499.878191269183,0,85,High Risk,1
8813,47,2,67465.39427962148,0,85,High Risk,0
2953,31,0,44878.67557089978,0,85,High Risk,1
2955,36,1,53342.539288823595,0,85,High Risk,1
3151,42,1,40261.54472039739,0,85,High Risk,1
3041,34,1,1627.161721152376,0,85,High Risk,1
3243,74,0,49216.7877527018,1,85,High Risk,0
8826,62,0,33164.130080572344,0,85,High Risk,1
5009,37,1,3341.4050829468633,0,85,High Risk,0
5139,58,2,65860.46013630099,0,85,High Risk,0
5140,45,1,64504.81568119163,0,85,High Risk,1
8430,21,2,9678.127091766519,0,85,High Risk,1
8452,52,3,80081.77696630637,0,85,High Risk,1
5614,37,1,8972.69106442758,0,85,High Risk,1
5619,44,3,78406.39202646237,0,85,High Risk,1
5680,48,0,48708.88064806936,1,85,High Risk,1
8557,64,0,14797.272076013945,0,85,High Risk,1
5890,54,0,242269.55006518867,0,85,High Risk,1
5774,45,1,59073.401547761365,0,85,High Risk,1
5195,18,0,181423.99661647677,0,85,High Risk,1
5207,52,1,41697.929512480885,0,85,High Risk,1
2793,42,4,49058.011554761026,0,85,High Risk,1
2873,40,0,65021.28403411159,0,85,High Risk,0
2884,36,3,45206.33278809347,0,85,High Risk,0
2885,44,0,5475.268981591979,0,85,High Risk,1
2411,64,4,70416.02552788545,0,85,High Risk,1
5419,39,1,6468.026473157751,0,85,High Risk,0
8032,37,0,16612.06921532046,0,85,High Risk,1
6773,55,0,62375.00155931952,0,85,High Risk,0
8258,54,3,20834.444340301463,0,85,High Risk,1
8176,50,2,6528.08709039715,0,85,High Risk,1
2584,45,0,177450.05224101388,0,85,High Risk,1
2597,54,2,25699.005745342256,0,85,High Risk,1
10016,30,0,1725.0626570413929,0,85,High Risk,1
10123,55,0,132227.30939445613,0,85,High Risk,1
10131,63,0,209234.6131933106,0,85,High Risk,1
6424,43,0,239849.43310631206,0,85,High Risk,1
6287,26,1,39173.33346312863,0,85,High Risk,1
6505,37,1,49435.45020028789,0,85,High Risk,1
6530,43,0,199848.9355837091,0,85,High Risk,1
8321,54,1,62015.36526115009,0,85,High Risk,1
6172,25,0,238715.0189838672,0,85,High Risk,0
5180,39,3,38972.60936378485,0,85,High Risk,1
4604,45,0,20064.529996450754,0,85,High Risk,0
4816,18,0,39780.235717988886,1,85,High Risk,0
4869,47,2,15669.067058700859,0,85,High Risk,1
4377,40,1,38653.128665874225,0,85,High Risk,1
4280,53,0,74625.84763676222,0,85,High Risk,1
9612,53,2,27879.95611549937,0,85,High Risk,1
9668,34,1,47370.35068270331,0,85,High Risk,1
9685,58,0,133530.29989219047,0,85,High Risk,1
2968,42,2,68751.69155544286,0,85,High Risk,1
9799,63,0,155247.03870839032,0,85,High Risk,1
8976,49,1,30878.31572170413,0,85,High Risk,1
9027,27,0,82493.33436441717,0,85,High Risk,0
8955,65,2,62148.58306719134,0,85,High Risk,1
7140,59,2,8571.63790153337,0,85,High Risk,0
7370,38,0,125941.25080936028,0,85,High Risk,1
7304,61,0,39645.241907702104,0,85,High Risk,1
6827,43,2,159204.29402339386,0,85,High Risk,0
6839,26,4,76401.81454135547,0,85,High Risk,1
6842,27,2,628.5852710689876,0,85,High Risk,0
6847,80,1,132389.5318376713,0,85,High Risk,1
6858,37,2,136013.42056199396,0,85,High Risk,1
2201,46,1,75405.18427133324,0,85,High Risk,1
2216,63,0,68475.61776723596,0,85,High Risk,0
2224,51,2,14178.399158277676,0,85,High Risk,1
2272,54,2,56173.62294508896,0,85,High Risk,1
2380,72,0,141256.83558920128,0,85,High Risk,1
1788,51,1,111804.18497338785,0,85,High Risk,1
6909,70,1,20607.394086843393,0,85,High Risk,1
7097,27,2,100603.93083906305,0,85,High Risk,1
6786,53,1,81622.57373936719,0,85,High Risk,0
9086,48,2,64200.74426131314,0,85,High Risk,0
9088,40,2,4909.549329918466,0,85,High Risk,0
4014,24,0,19629.431552955713,1,85,High Risk,1
9205,39,2,17201.288439263495,0,85,High Risk,1
4157,26,0,163284.10270453084,0,85,High Risk,1
3763,58,2,45602.349566280565,0,85,High Risk,1
3791,53,0,169065.72320856169,0,85,High Risk,1
3793,38,1,69379.69763696018,0,85,High Risk,1
3606,42,2,58662.9673257687,0,85,High Risk,1
3404,40,2,49385.97213288964,0,85,High Risk,0
3340,35,4,1409.6558750968934,0,85,High Risk,0
9365,58,4,28021.303976627194,0,85,High Risk,1
3908,28,0,38107.247777139586,0,85,High Risk,0
3868,31,1,24183.237588140088,0,85,High Risk,1
9395,32,3,78912.6796416185,0,85,High Risk,1
9302,37,1,164574.00380337,0,85,High Risk,1
1126,77,0,195532.93111446407,0,85,High Risk,1
7469,52,1,102062.20291247695,0,80,High Risk,1
7696,28,0,96591.15620882921,0,80,High Risk,1
1399,43,0,84636.16190836787,0,80,High Risk,1
1211,53,0,77298.14982736255,1,80,High Risk,0
7465,26,0,167543.135412059,0,80,High Risk,1
7749,37,0,46775.189808821895,1,80,High Risk,1
1128,36,2,123842.29765859478,0,80,High Risk,1
7424,47,2,160638.50287887262,0,80,High Risk,0
10533,22,4,5764.827114402682,0,80,High Risk,1
10596,38,0,111294.23043145153,0,80,High Risk,1
7496,50,0,87195.38830572274,0,80,High Risk,1
7480,49,2,8656.143444148862,0,80,High Risk,1
1855,66,9,29181.21010268926,0,80,High Risk,1
1903,45,10,74916.37382624045,0,80,High Risk,1
1569,18,9,355.4180077475211,0,80,High Risk,1
7838,18,1,115925.3493645577,0,80,High Risk,1
7876,31,0,88321.3212684971,0,80,High Risk,1
2335,47,3,11118.649602700869,0,80,High Risk,1
2343,51,3,51341.970934682984,0,80,High Risk,0
2227,45,3,29756.64448576784,0,80,High Risk,0
2231,36,4,10383.817739033047,0,80,High Risk,0
1914,68,0,93708.42464428986,0,80,High Risk,1
1921,61,4,11223.278593605168,0,80,High Risk,1
2314,53,0,3208.900349184224,1,80,High Risk,0
2168,53,8,39588.62009426584,0,80,High Risk,1
2098,18,0,34903.16508824162,0,80,High Risk,1
3565,31,0,158736.7074007411,0,80,High Risk,1
3529,75,0,185533.1964061594,0,80,High Risk,1
3665,51,1,58965.678242755006,0,80,High Risk,0
3647,39,0,7035.820261478642,0,80,High Risk,1
10620,35,1,1916.004994264614,0,80,High Risk,1
10693,80,2,198968.08996894018,0,80,High Risk,1
1450,29,0,137947.19527666448,0,80,High Risk,1
9510,53,5,32364.27048161081,0,80,High Risk,1
7397,46,0,135039.95062476044,0,80,High Risk,1
2236,69,0,131168.86575281378,0,80,High Risk,1
7129,32,0,78709.2438792065,0,80,High Risk,1
6677,47,0,242849.74689249042,0,80,High Risk,1
6687,63,1,155259.05008491466,0,80,High Risk,1
7232,39,0,141321.72208700757,0,80,High Risk,0
7239,33,0,96107.32607004236,0,80,High Risk,1
6715,50,2,39071.233674193936,0,80,High Risk,0
6560,56,2,45939.67028528961,0,80,High Risk,1
6581,73,2,161801.5867595469,0,80,High Risk,1
6792,18,0,102617.49459669397,0,80,High Risk,1
9014,44,6,56172.87906741078,0,80,High Risk,1
3992,54,1,64750.51794862288,0,80,High Risk,0
8990,53,2,202015.67967091847,0,80,High Risk,0
9267,57,0,2921.650884154636,0,80,High Risk,0
3369,28,0,89319.73252601102,0,80,High Risk,0
3323,51,0,161570.53635235628,0,80,High Risk,0
3672,53,2,149909.12046582857,0,80,High Risk,1
3673,48,1,127069.25098579391,0,80,High Risk,1
3643,32,3,74813.20140223249,0,80,High Risk,0
3350,39,2,20348.522001973513,0,80,High Risk,1
6990,39,1,92331.25472532885,0,80,High Risk,1
7059,80,0,97553.45147715406,0,80,High Risk,0
1802,37,10,2130.3490803946665,0,80,High Risk,1
1803,46,1,30507.8787946462,0,80,High Risk,0
1816,22,1,66129.35249171234,0,80,High Risk,1
10027,38,0,158572.72658408075,0,80,High Risk,0
6892,55,3,65469.50676083105,0,80,High Risk,1
8213,25,2,137566.45368660096,0,80,High Risk,1
8246,35,0,113368.81201627738,0,80,High Risk,1
8073,24,2,78828.83171356855,0,80,High Risk,0
8055,47,0,205173.49029654384,0,80,High Risk,1
6770,20,1,53519.85536406703,0,80,High Risk,0
6315,35,4,56917.075137357526,0,80,High Risk,1
6061,40,3,12805.767757227055,0,80,High Risk,1
5935,38,8,15733.142612129686,0,80,High Risk,1
8077,57,2,9224.709862183405,0,80,High Risk,0
8083,33,0,83753.18993376262,0,80,High Risk,1
6519,26,0,104642.28889719505,0,80,High Risk,1
6525,32,1,81103.1919910408,0,80,High Risk,0
6542,70,0,111458.09775155838,0,80,High Risk,0
6491,38,1,151921.06011281742,0,80,High Risk,1
6222,45,6,57332.36735102137,0,80,High Risk,0
5994,53,2,32056.127309917527,0,80,High Risk,0
5711,35,2,199255.33691857912,0,80,High Risk,1
10132,75,2,214708.04281294308,0,80,High Risk,1
8579,36,0,90966.3470763003,0,80,High Risk,0
8587,29,2,96899.04864214385,0,80,High Risk,1
5840,35,0,144768.72208308868,0,80,High Risk,1
5754,38,2,110430.62280423235,0,80,High Risk,1
4513,70,9,41212.658838081836,0,80,High Risk,0
4384,60,4,36649.60339071402,0,80,High Risk,1
4434,43,1,114229.33758293449,0,80,High Risk,0
9689,75,0,120518.84923833502,0,80,High Risk,1
4273,58,1,244669.3292048977,0,80,High Risk,0
4279,46,0,125434.55525067479,0,80,High Risk,1
4283,18,3,72921.00253665278,0,80,High Risk,1
4875,33,0,73605.77507427026,0,80,High Risk,0
4189,58,0,232193.10639597027,0,80,High Risk,1
4329,28,1,198600.25247298623,0,80,High Risk,0
4338,42,0,52640.91331564319,0,80,High Risk,1
9262,70,0,149876.36006724846,0,80,High Risk,1
8386,49,0,156045.32723520696,0,80,High Risk,0
8294,30,0,168506.48825217108,0,80,High Risk,1
8316,68,8,36854.69333881489,0,80,High Risk,1
8540,40,6,60305.018806971864,0,80,High Risk,1
6092,34,4,26047.400955942103,0,80,High Risk,1
6095,43,2,71413.90859727864,0,80,High Risk,1
6100,46,0,133069.6537512731,0,80,High Risk,1
8477,18,1,153913.70435409,0,80,High Risk,1
8515,27,2,33793.06852112959,0,80,High Risk,1
6154,37,0,68457.02435498164,1,80,High Risk,0
2503,32,1,11272.99297784451,0,80,High Risk,1
2388,68,1,129399.70621885957,0,80,High Risk,0
2834,49,0,203365.59828368106,0,80,High Risk,1
2477,43,0,47834.80075033517,1,80,High Risk,1
2482,39,0,55066.538295947095,1,80,High Risk,1
2826,51,0,59819.365720776506,1,80,High Risk,0
5280,50,1,49627.23820966533,0,80,High Risk,1
2423,39,6,76738.62548165505,0,80,High Risk,1
3221,39,0,53878.84958821071,1,80,High Risk,1
3242,53,2,13363.386951216888,0,80,High Risk,0
5025,34,1,190104.18594913188,0,80,High Risk,1
5026,40,0,163776.09123954727,0,80,High Risk,1
4747,18,0,75429.46796380891,1,80,High Risk,1
8875,80,0,147687.86289014423,0,80,High Risk,1
9649,48,6,20045.322928638616,0,80,High Risk,1
3496,57,4,55716.57747311015,0,80,High Risk,1
9804,54,3,58571.85237242291,0,80,High Risk,0
8919,34,1,70432.6709512095,0,80,High Risk,1
8769,55,0,170436.2464691995,0,80,High Risk,1
3163,52,3,31010.874808591077,0,80,High Risk,1
5542,74,0,83366.10711478906,0,80,High Risk,1
5404,50,0,81458.64064744135,1,80,High Risk,1
4655,47,6,12150.335198623796,0,80,High Risk,1
4661,39,0,26509.620212203074,1,80,High Risk,1
8671,56,0,2687.0414378954433,0,80,High Risk,1
4759,49,1,137435.57922347754,0,80,High Risk,1
4579,32,2,164907.50612539164,0,80,High Risk,1
4631,53,0,97242.91032706333,0,80,High Risk,1
4927,59,0,866.1022743828295,0,80,High Risk,1
1242,43,2,45527.315585766504,0,80,High Risk,1
7476,54,1,148986.82608234885,0,80,High Risk,1
1339,51,9,34055.81854149123,0,80,High Risk,1
10970,34,0,43510.61976928372,1,80,High Risk,1
1523,35,0,113126.83411482039,0,80,High Risk,1
1536,45,2,130321.69762479737,0,80,High Risk,1
1256,37,0,59506.44487020659,1,80,High Risk,0
1509,45,0,95379.96507649762,0,80,High Risk,1
9472,68,2,86672.26866167733,0,80,High Risk,1
9385,46,8,71071.01492962164,0,80,High Risk,1
3459,52,3,81116.37281847248,0,80,High Risk,0
9542,24,0,51574.277689198534,1,80,High Risk,0
10800,27,2,147974.0533196079,0,80,High Risk,0
10310,60,0,110691.75900923258,0,80,High Risk,1
10188,50,0,117962.76381120279,0,80,High Risk,1
10950,64,3,164100.2133033866,0,75,High Risk,1
10311,73,1,64395.58941320747,0,75,High Risk,1
10328,61,3,72394.24901585201,0,75,High Risk,1
10219,31,2,69090.86989704402,1,75,High Risk,0
4199,39,0,76156.39237908264,1,75,High Risk,1
4239,47,2,32779.308966720324,0,75,High Risk,0
3648,23,7,23532.875059177644,0,75,High Risk,1
3557,18,2,104434.54411094067,0,75,High Risk,1
3617,33,0,137866.67117809126,0,75,High Risk,1
3518,18,4,63506.92314576006,0,75,High Risk,1
3524,40,0,29691.853235155,0,75,High Risk,1
3330,57,2,156240.87927330396,0,75,High Risk,1
10683,59,2,33268.53248970857,0,75,High Risk,1
10691,52,0,24675.001430134624,0,75,High Risk,1
3882,18,1,128984.75161642107,0,75,High Risk,1
3748,27,10,36573.12568029747,0,75,High Risk,1
3717,54,0,193535.90493539092,0,75,High Risk,1
3730,37,1,148202.94898482726,0,75,High Risk,1
3733,53,0,29247.05892059698,1,75,High Risk,0
3735,74,1,200016.76906274728,0,75,High Risk,1
1448,30,0,48289.27581741368,0,75,High Risk,0
9493,43,1,53445.53632058682,0,75,High Risk,1
9498,63,1,213546.69660486624,0,75,High Risk,1
9511,45,2,82667.5671738849,1,75,High Risk,1
10754,50,0,46158.566232471,0,75,High Risk,0
10786,48,4,8656.344294602603,0,75,High Risk,0
10664,48,5,68560.83798152507,0,75,High Risk,1
10678,68,1,52318.45946384936,0,75,High Risk,1
2134,51,3,60177.88971818858,0,75,High Risk,0
6846,36,6,5784.048688605353,0,75,High Risk,1
7409,38,0,193197.33456818323,0,75,High Risk,1
7417,25,4,16366.121216028207,0,75,High Risk,1
7418,67,0,175554.77049167515,0,75,High Risk,1
7306,59,3,107667.90135229645,0,75,High Risk,0
7220,65,5,73517.78979326106,0,75,High Risk,1
2303,42,1,563.2456532309316,0,75,High Risk,0
5499,18,0,214870.13046493064,0,75,High Risk,1
5564,48,2,41089.59392560918,0,75,High Risk,0
2928,40,2,59669.776718595276,0,75,High Risk,0
8912,53,4,48996.06534441528,0,75,High Risk,1
8706,40,2,72321.93676662316,0,75,High Risk,1
8713,41,3,7378.0161237251,0,75,High Risk,0
8632,32,2,24000.251098594134,1,75,High Risk,0
8649,30,2,29069.70972112874,0,75,High Risk,1
4876,62,6,17181.56996915718,0,75,High Risk,1
4930,47,5,81020.36479225183,0,75,High Risk,1
4938,25,0,241366.56399539427,0,75,High Risk,1
4836,39,1,149260.361708671,0,75,High Risk,1
4858,53,2,145355.28616315432,0,75,High Risk,1
8677,41,5,64410.87171463225,0,75,High Risk,0
8684,68,0,246864.58628874941,0,75,High Risk,1
5454,49,7,24922.50914350949,0,75,High Risk,0
1219,37,5,56299.132056311704,0,75,High Risk,1
10979,29,5,46782.85817704514,0,75,High Risk,1
1246,39,8,617.1257464989976,0,75,High Risk,1
1039,25,2,50535.65156084633,0,75,High Risk,0
10424,46,2,203460.39629239214,0,75,High Risk,0
4583,73,3,50395.271560008834,0,75,High Risk,0
4599,50,1,163779.23253483503,0,75,High Risk,1
5158,37,0,16627.098866645458,0,75,High Risk,0
1260,56,2,76844.6177510684,0,75,High Risk,0
1170,33,2,20663.76544745527,0,75,High Risk,0
1174,50,0,223217.81308202544,0,75,High Risk,1
1188,43,2,160883.86957143273,0,75,High Risk,1
1191,38,0,138669.63135873477,0,75,High Risk,0
1202,53,10,9074.069602687363,0,75,High Risk,1
10744,47,2,44314.57169040037,0,75,High Risk,1
1062,42,2,54125.668920132346,0,75,High Risk,1
4940,33,0,48008.81850871697,0,75,High Risk,1
4703,31,0,38842.47853024206,1,75,High Risk,1
3171,59,2,175985.73545171026,0,75,High Risk,0
3194,24,0,142012.56360075742,0,75,High Risk,1
3037,50,9,7906.862671162474,0,75,High Risk,0
3050,47,0,104454.36294528107,0,75,High Risk,1
2916,36,0,8441.394305116311,1,75,High Risk,1
2924,48,0,308.6311507221329,1,75,High Risk,1
2719,55,1,106551.19307232808,0,75,High Risk,1
2724,54,2,4600.388670045141,0,75,High Risk,1
2753,35,2,58659.97207826529,0,75,High Risk,0
5181,49,0,57576.610852414,0,75,High Risk,1
5194,18,3,47334.23629474443,0,75,High Risk,0
5078,18,0,128431.63136082378,0,75,High Risk,1
5133,61,8,41531.30948861133,0,75,High Risk,1
5024,56,5,29715.291477285937,0,75,High Risk,1
9719,52,3,15012.915322438314,0,75,High Risk,0
9741,33,2,45877.20838484646,0,75,High Risk,0
9780,42,10,78321.92932972507,0,75,High Risk,1
9781,33,9,22652.630217848135,0,75,High Risk,1
4947,53,5,60015.56924685406,0,75,High Risk,1
4959,61,5,19507.166071391996,0,75,High Risk,0
4985,48,1,162401.20235868698,0,75,High Risk,1
8906,43,0,236666.38626961564,0,75,High Risk,0
3269,37,2,83942.22480294769,0,75,High Risk,1
9620,68,1,62220.894125548846,0,75,High Risk,1
3483,74,1,20229.853043919833,0,75,High Risk,1
3486,57,4,37250.57620777331,0,75,High Risk,1
3505,28,1,15371.8752420548,0,75,High Risk,1
9793,45,1,77645.88213885792,0,75,High Risk,1
9854,18,4,34632.04246133722,0,75,High Risk,1
9713,27,3,64763.89885560885,0,75,High Risk,1
5349,30,4,25375.20749444469,0,75,High Risk,0
5393,49,7,49048.18725664187,0,75,High Risk,1
2534,42,0,91668.49286354994,0,75,High Risk,0
2538,37,8,23792.736925666468,0,75,High Risk,1
2547,30,2,36775.00262582428,0,75,High Risk,1
2474,45,1,58167.29250681624,0,75,High Risk,1
6125,55,4,6724.097144214264,0,75,High Risk,1
6215,50,3,31059.8684658685,0,75,High Risk,1
2780,34,1,45005.576716021125,0,75,High Risk,1
2802,44,0,186879.2241868766,0,75,High Risk,1
2490,63,1,61766.11019741113,0,75,High Risk,0
2505,42,2,45311.19288710958,0,75,High Risk,1
2510,67,0,234266.16366351407,0,75,High Risk,1
2512,42,3,61438.69283194575,0,75,High Risk,0
5411,34,4,78255.95073895683,0,75,High Risk,1
5435,36,0,245221.1151987504,0,75,High Risk,1
2709,43,1,72144.7601544429,0,75,High Risk,0
5216,53,4,29688.89606661054,0,75,High Risk,1
5239,66,0,25019.57842787009,0,75,High Risk,0
5262,40,3,69186.89109338148,0,75,High Risk,1
2442,62,4,34909.220406956985,0,75,High Risk,1
2446,35,4,55736.67623338027,0,75,High Risk,0
2854,58,0,104065.39821234165,0,75,High Risk,1
2858,41,2,75254.91900678036,0,75,High Risk,1
2774,47,4,73560.89402106871,0,75,High Risk,0
2651,53,2,207805.16570184715,0,75,High Risk,0
2683,31,2,79975.74837643185,0,75,High Risk,0
2703,54,4,66701.66882791526,0,75,High Risk,0
3208,50,0,211327.94533252617,0,75,High Risk,0
3220,41,6,57489.346076746355,0,75,High Risk,1
2821,43,10,4656.922131098085,0,75,High Risk,1
2825,47,9,63750.439506729956,0,75,High Risk,1
4519,64,4,12970.201642620166,0,75,High Risk,1
9699,43,0,173042.56928296026,0,75,High Risk,1
8574,67,3,79876.25842895318,0,75,High Risk,1
8606,34,4,39680.87171918646,0,75,High Risk,1
8461,35,0,18438.23091445698,0,75,High Risk,0
8474,64,1,247017.32806254274,0,75,High Risk,1
5755,36,1,184317.17256327122,0,75,High Risk,1
5767,27,1,70966.1918287132,1,75,High Risk,1
4070,55,3,17799.573621383097,0,75,High Risk,1
4117,42,4,11658.190683448061,0,75,High Risk,1
4358,18,2,24880.60204351916,0,75,High Risk,1
4383,48,0,50990.57932719167,0,75,High Risk,1
3513,53,2,67071.96272220813,0,75,High Risk,0
3407,25,4,3583.129821607134,0,75,High Risk,0
3417,53,6,52148.33000313948,0,75,High Risk,1
3426,52,2,71550.09926624598,1,75,High Risk,1
4009,61,2,95771.7282786292,0,75,High Risk,1
4046,18,3,49925.1040165708,0,75,High Risk,1
9242,44,6,14404.141380098907,0,75,High Risk,1
4240,59,4,57071.26552985087,0,75,High Risk,0
4248,34,6,47508.26995888666,0,75,High Risk,1
4266,74,0,236806.9503652474,0,75,High Risk,1
4156,20,0,12090.616398815451,0,75,High Risk,1
4161,35,5,64342.182469558364,0,75,High Risk,1
6071,27,3,28084.30801101014,0,75,High Risk,1
5995,35,1,42941.39752886972,0,75,High Risk,1
8525,43,2,36574.864707864224,0,75,High Risk,0
8365,60,2,55276.4023845172,0,75,High Risk,0
8429,48,3,33901.945685334525,0,75,High Risk,1
5723,45,0,207375.81851007126,0,75,High Risk,1
3995,30,0,169900.09795627088,0,75,High Risk,1
3997,48,2,146323.910095565,0,75,High Risk,0
5918,39,4,23802.488287798933,0,75,High Risk,0
5964,49,2,67976.01110037346,0,75,High Risk,0
7996,40,2,222371.95113395536,0,75,High Risk,0
8034,30,5,38259.397602135396,0,75,High Risk,1
8043,51,3,72176.44555936393,0,75,High Risk,1
8067,39,0,199265.93925097803,0,75,High Risk,1
6291,68,3,20189.772485572048,0,75,High Risk,0
8189,40,0,167876.94732423604,0,75,High Risk,1
6237,24,6,12460.662521931565,0,75,High Risk,0
5971,67,4,45684.68786440935,0,75,High Risk,1
6553,42,1,221365.59918845922,0,75,High Risk,1
6435,55,3,41553.87363085297,0,75,High Risk,0
6022,33,9,21506.538471717544,0,75,High Risk,1
6029,64,1,197173.21265995744,0,75,High Risk,1
6034,53,3,65341.00704566273,0,75,High Risk,1
5914,47,2,158109.4536784023,0,75,High Risk,1
10081,43,3,43242.21902602493,0,75,High Risk,1
10107,56,3,21211.832484685583,0,75,High Risk,0
6338,32,6,61514.68664378118,0,75,High Risk,1
6350,45,2,22766.831713942727,0,75,High Risk,1
6363,45,0,108066.46869947953,0,75,High Risk,1
6373,28,9,40955.9965676706,0,75,High Risk,0
6378,18,1,129140.19977266758,0,75,High Risk,1
6420,27,2,143093.3743363243,0,75,High Risk,1
5773,54,4,75064.44052213352,0,75,High Risk,1
5784,30,8,44797.58238787901,0,75,High Risk,0
5694,52,2,198405.52632489434,0,75,High Risk,1
6250,51,3,81712.1546258861,0,75,High Risk,1
10154,53,1,141955.0405540106,0,75,High Risk,1
10051,51,0,82221.37367831256,0,75,High Risk,0
10070,55,8,2106.864390531288,0,75,High Risk,1
10076,68,1,12201.006139344023,0,75,High Risk,1
6983,74,0,157645.07065502743,0,75,High Risk,1
6985,68,3,12070.25504717546,0,75,High Risk,1
7020,59,0,239546.69824646725,0,75,High Risk,1
6691,46,0,176540.08078096504,0,75,High Risk,1
6699,43,2,44875.351322750364,1,75,High Risk,1
3678,21,10,63788.83468859495,0,75,High Risk,0
3629,38,2,19122.443313532993,0,75,High Risk,0
3635,70,3,64452.410682452886,0,75,High Risk,1
9869,45,1,177373.7178679107,0,75,High Risk,1
6860,35,1,97931.8377878323,0,75,High Risk,1
6897,21,1,1715.7401469133083,0,75,High Risk,1
6900,61,5,9182.339886157215,0,75,High Risk,1
6941,25,1,21453.633146560485,1,75,High Risk,0
7092,46,3,36726.972518051734,0,75,High Risk,0
7098,46,7,64787.04966480003,0,75,High Risk,1
7103,27,2,76846.26187167523,0,75,High Risk,0
2603,35,2,194752.8805082117,0,75,High Risk,1
2644,51,3,15354.36041095503,0,75,High Risk,1
10004,18,4,29810.79538558587,0,75,High Risk,1
10018,33,2,211985.26978785734,0,75,High Risk,1
10030,34,9,3468.2670363160305,0,75,High Risk,1
10042,49,4,56746.54531040901,0,75,High Risk,1
10045,40,1,220349.2759893877,0,75,High Risk,1
10046,22,10,37572.87621979869,0,75,High Risk,0
8199,71,3,33647.283454490804,0,75,High Risk,1
8154,54,7,33739.10982439857,0,75,High Risk,1
9912,32,3,17304.66685234702,0,75,High Risk,1
9955,40,2,181827.4988841662,0,75,High Risk,1
9977,49,4,58427.15960740524,0,75,High Risk,1
9980,41,0,198358.23970623524,0,75,High Risk,0
9986,69,1,20873.76770371266,0,75,High Risk,0
2579,33,0,242799.89197902224,0,75,High Risk,0
6760,57,2,87122.18572951158,0,75,High Risk,1
6637,76,4,53621.09183982461,0,75,High Risk,1
6679,50,3,134453.09115734574,0,75,High Risk,1
7158,31,10,14364.889306226563,0,75,High Risk,1
7159,46,7,80560.5875685071,0,75,High Risk,1
7890,43,4,16699.015763837004,0,75,High Risk,0
7924,34,4,159213.60669212727,0,75,High Risk,0
7925,18,0,169675.8787097867,0,75,High Risk,0
9030,46,3,46818.05423445809,0,75,High Risk,1
9057,46,2,224382.16485888936,0,75,High Risk,0
3986,30,0,192889.53945382158,0,75,High Risk,1
6577,34,2,76072.96462870989,0,75,High Risk,1
6599,46,6,22313.866803730736,0,75,High Risk,1
7081,68,2,176293.8538017831,0,75,High Risk,1
6731,42,3,37390.98387295647,0,75,High Risk,1
6749,44,2,11639.899706048924,1,75,High Risk,1
8998,32,1,154095.36645150016,0,75,High Risk,1
4452,26,3,59091.10517642382,0,75,High Risk,1
4479,62,8,56489.38515941307,0,75,High Risk,1
4485,29,5,33698.271595630074,0,75,High Risk,0
9275,28,10,64439.965724534726,0,75,High Risk,1
9125,39,3,4996.938892751712,0,75,High Risk,0
9153,37,0,13933.72029593279,0,75,High Risk,0
9028,45,1,42959.49954390321,0,75,High Risk,0
3347,37,5,70886.5061314537,0,75,High Risk,1
3386,33,0,115373.24037289814,0,75,High Risk,0
3399,48,8,36447.008805140766,0,75,High Risk,1
3295,32,6,81925.83721127972,0,75,High Risk,1
3327,28,4,82321.74346001056,0,75,High Risk,1
9083,37,2,187941.14532735996,0,75,High Risk,0
8931,54,5,1541.9276551600358,0,75,High Risk,1
8964,56,2,167055.84014829886,0,75,High Risk,1
10454,48,3,77139.98113113007,0,75,High Risk,1
7600,71,2,19042.665472981225,0,75,High Risk,0
7637,50,0,48999.34219372221,1,75,High Risk,1
7546,39,10,81988.73261989756,0,75,High Risk,1
7556,23,0,74110.2480688539,1,75,High Risk,0
7563,42,1,83026.53251143647,0,75,High Risk,1
1118,27,3,17524.57471482219,0,75,High Risk,1
1640,25,2,73623.17875088501,0,75,High Risk,1
1896,54,9,55746.491185134364,0,75,High Risk,1
1554,48,0,72165.01514620111,0,75,High Risk,0
10418,50,2,173802.9174618394,0,75,High Risk,1
10331,66,1,215929.493752587,0,75,High Risk,1
7434,24,0,181916.2511136712,0,75,High Risk,0
1301,32,1,213954.4640934935,0,75,High Risk,1
10966,52,0,60356.638539354964,0,75,High Risk,1
1088,49,1,79490.73197884837,0,75,High Risk,1
7850,30,0,35477.68493233619,0,75,High Risk,1
7760,47,6,30995.83396138267,0,75,High Risk,1
10827,19,0,93175.64593860974,0,75,High Risk,1
1956,61,1,228499.54400992882,0,75,High Risk,1
1979,21,0,164952.52870034904,0,75,High Risk,1
1985,44,10,70523.26920390983,0,75,High Risk,1
1997,71,0,7780.036425812098,1,75,High Risk,0
2008,54,3,78755.18830367271,0,75,High Risk,1
2023,44,0,147993.14821901458,0,75,High Risk,0
2036,68,2,63925.36014130881,0,75,High Risk,1
2055,36,4,66857.01815230177,0,75,High Risk,1
1822,66,2,27488.99044054498,0,75,High Risk,1
1842,55,4,21118.049140567975,0,75,High Risk,1
1773,54,1,2749.6002676149487,0,75,High Risk,1
2324,52,7,70174.11927011011,0,75,High Risk,1
1784,54,0,69754.4209413416,0,75,High Risk,1
1512,44,3,27571.767105916246,0,75,High Risk,1
1946,28,4,25869.80666344327,0,75,High Risk,1
7942,59,8,81449.3486864063,0,75,High Risk,0
7974,62,5,48765.43042569914,0,75,High Risk,0
1573,49,2,872.9396507425602,0,75,High Risk,1
1634,38,4,39789.75796247578,0,75,High Risk,0
1518,30,3,17208.962879151495,0,75,High Risk,1
1532,20,2,162492.6555626387,0,75,High Risk,1
9384,63,2,70516.70915132851,0,75,High Risk,0
9393,68,2,108185.39571367242,0,75,High Risk,1
9412,60,2,7811.654742334362,0,75,High Risk,1
1416,33,0,182576.3192452633,0,75,High Risk,1
1422,71,0,21633.132205979262,0,75,High Risk,1
1463,34,3,77080.85545493284,0,75,High Risk,0
1467,54,9,51240.2547193897,0,75,High Risk,1
1478,49,4,63299.947745753176,0,75,High Risk,1
9350,64,1,160428.81016397226,0,75,High Risk,1
9360,36,0,52553.00847471525,0,75,High Risk,1
3984,49,6,21116.04121321861,0,75,High Risk,1
3855,63,4,17227.42390079554,0,75,High Risk,0
3873,18,1,17090.62496822747,1,75,High Risk,1
3345,18,4,82806.62907374087,0,75,High Risk,1
9415,36,9,18491.883287169414,0,75,High Risk,1
9471,43,1,77533.21124759188,0,75,High Risk,0
1646,40,6,23399.451531663562,0,75,High Risk,1
1662,36,1,75741.91754895785,0,75,High Risk,1
1715,44,3,78687.1748646157,0,75,High Risk,1
7444,58,0,100517.60040435697,0,75,High Risk,1
7451,40,0,58820.97665080593,1,75,High Risk,0
10920,46,0,173330.76479612378,0,75,High Risk,1
10948,35,1,16955.842992797177,1,75,High Risk,0
9292,78,6,79347.60729085846,0,75,High Risk,1
10994,22,2,205590.5297706782,0,70,High Risk,1
1163,62,3,245960.29291730394,0,70,High Risk,1
1180,80,0,3895.4488751289928,1,70,High Risk,1
1353,57,5,72683.55711465566,0,70,High Risk,0
1370,33,1,18809.626937978246,1,70,High Risk,0
1428,55,1,238174.5347925687,0,70,High Risk,1
10669,31,0,102167.943956771,1,70,High Risk,0
10682,24,8,28313.15203204185,0,70,High Risk,1
10726,40,0,26520.59052732392,1,70,High Risk,0
10728,24,2,128970.52958241776,0,70,High Risk,0
10775,40,2,103669.21299873044,0,70,High Risk,1
10817,46,0,142942.89379191288,1,70,High Risk,1
10848,48,10,60439.88697625838,0,70,High Risk,1
10858,39,2,166505.20711812677,0,70,High Risk,1
10864,28,2,45896.25777133347,1,70,High Risk,1
10898,40,7,62357.51068622836,0,70,High Risk,1
10918,36,3,92041.68950586735,0,70,High Risk,0
10945,42,0,26442.1990655547,1,70,High Risk,1
1132,46,3,191839.41526068634,0,70,High Risk,1
7456,29,0,36959.22363200521,1,70,High Risk,0
7497,59,2,89279.26489840151,0,70,High Risk,0
7511,68,2,119101.17968459,0,70,High Risk,0
7530,32,1,82999.43820279898,0,70,High Risk,1
7531,53,2,167868.88526815054,0,70,High Risk,0
7536,57,1,160224.74056822265,0,70,High Risk,0
2187,30,4,54115.04347432242,0,70,High Risk,0
2191,46,1,35792.355346158045,1,70,High Risk,1
2196,51,1,47568.77305842236,1,70,High Risk,0
2297,58,2,137121.6115239788,0,70,High Risk,1
2321,45,6,79856.83964613496,0,70,High Risk,1
2362,53,0,39669.41129848894,1,70,High Risk,1
2369,38,1,113251.70342336477,0,70,High Risk,1
1748,33,2,157702.51156663228,0,70,High Risk,1
10098,26,4,216484.11266910617,0,70,High Risk,1
10108,51,2,26955.344405024145,1,70,High Risk,0
10116,58,0,53926.88128671289,1,70,High Risk,0
10162,43,1,65114.45009772174,1,70,High Risk,1
2074,25,4,4997.249736222564,0,70,High Risk,1
2115,47,1,17410.372702829663,0,70,High Risk,1
2125,69,2,102011.31680376691,0,70,High Risk,1
2183,58,8,44618.02355353059,0,70,High Risk,0
2520,72,7,58213.68786172898,0,70,High Risk,1
2526,61,0,49647.40412340235,1,70,High Risk,0
2544,38,1,161475.8649151919,0,70,High Risk,1
2566,40,2,56046.63768556417,0,70,High Risk,0
2594,58,0,61986.28593852029,1,70,High Risk,1
9920,57,1,54569.41490797235,1,70,High Risk,1
9985,41,9,6225.943044648157,0,70,High Risk,1
10091,55,0,88641.36477850024,0,70,High Risk,1
2707,55,1,155286.09726732835,0,70,High Risk,1
2751,18,0,72203.85157446696,1,70,High Risk,1
2763,46,3,117418.21324419307,0,70,High Risk,1
2776,25,1,247964.1988119271,0,70,High Risk,0
2895,43,5,64798.28729691631,0,70,High Risk,1
2404,55,0,39003.45400588448,1,70,High Risk,0
2469,27,3,198266.12341473773,0,70,High Risk,1
2473,42,1,126797.97200453283,0,70,High Risk,1
6328,48,6,4885.645992514592,0,70,High Risk,1
6447,24,2,167292.77352875407,0,70,High Risk,0
6453,70,7,67078.92259381001,0,70,High Risk,0
6467,49,0,28470.267307598413,1,70,High Risk,0
6468,48,0,220766.9250125506,0,70,High Risk,1
6521,33,0,30606.477795814822,1,70,High Risk,0
6546,19,2,71504.42570757642,1,70,High Risk,1
5933,68,2,93203.35553549786,0,70,High Risk,0
8124,44,1,213188.64163782296,0,70,High Risk,1
8129,47,2,141836.0483784938,0,70,High Risk,1
8138,35,8,79373.22309127281,0,70,High Risk,0
8139,37,1,234873.94663062034,0,70,High Risk,1
8170,45,1,166705.46798908265,0,70,High Risk,1
8181,49,1,19711.629567999156,0,70,High Risk,0
6227,38,2,180884.23382399126,0,70,High Risk,1
6241,43,2,73726.27900361086,1,70,High Risk,1
6788,74,2,229465.71268855748,0,70,High Risk,0
6810,41,0,25475.00622290985,1,70,High Risk,1
8059,74,0,47060.16388988812,1,70,High Risk,0
8085,40,1,72464.45950753361,1,70,High Risk,0
8086,18,4,17569.058971924984,0,70,High Risk,1
8099,31,1,68644.85185825067,0,70,High Risk,0
8103,46,2,63490.84421428186,1,70,High Risk,0
8112,47,0,34891.70432708041,1,70,High Risk,0
7064,80,8,26008.941957536754,0,70,High Risk,1
7122,47,3,30507.11926625202,0,70,High Risk,1
6565,45,0,98268.2996162029,0,70,High Risk,1
6573,39,3,35749.9155390916,0,70,High Risk,1
6668,55,0,73005.52100325609,1,70,High Risk,1
6725,38,3,4090.4297044564996,0,70,High Risk,0
6742,30,4,191259.98283958528,0,70,High Risk,1
6762,52,0,2073.3273594642496,1,70,High Risk,1
5835,18,2,146233.74688615638,0,70,High Risk,1
5875,35,0,238293.71279850608,0,70,High Risk,0
5889,48,3,72562.26099065699,0,70,High Risk,0
5225,24,10,36235.26691000389,0,70,High Risk,1
5336,35,3,91721.28790937223,0,70,High Risk,1
5340,40,6,65964.97138924082,0,70,High Risk,1
5373,28,2,149719.50962209157,0,70,High Risk,1
5379,49,0,68142.91735460362,1,70,High Risk,0
8562,28,2,161108.96570698597,0,70,High Risk,1
5608,52,0,96207.49372388815,0,70,High Risk,1
5638,26,0,58890.464952632006,1,70,High Risk,1
5697,52,10,28116.60899034113,0,70,High Risk,0
5722,52,4,141732.00288408305,0,70,High Risk,0
5739,24,1,61184.79442677105,1,70,High Risk,1
5769,60,1,115102.93500638874,0,70,High Risk,1
5822,42,2,22196.31892353352,0,70,High Risk,1
8313,48,0,193290.7493369053,0,70,High Risk,1
8343,57,10,56456.45840479621,0,70,High Risk,1
8351,31,0,248081.16350336233,0,70,High Risk,0
8417,56,2,71036.91964739209,0,70,High Risk,1
8444,56,4,50762.20252622471,0,70,High Risk,1
8467,40,2,150288.73827255797,0,70,High Risk,0
8514,38,0,38873.91576758489,1,70,High Risk,1
8536,28,1,149669.07976687848,0,70,High Risk,1
6015,46,4,125814.52082258885,0,70,High Risk,1
6065,56,1,64109.52649961452,0,70,High Risk,0
6075,48,1,112.25703296269262,1,70,High Risk,1
6128,44,4,236571.38837829191,0,70,High Risk,1
6158,80,0,8925.35721429083,1,70,High Risk,1
6165,56,0,95474.37191063273,0,70,High Risk,1
8267,58,2,123708.92629346764,0,70,High Risk,1
8287,61,0,26223.683260817976,1,70,High Risk,1
5110,48,0,223494.16857649054,0,70,High Risk,1
5132,45,7,69799.17278914491,0,70,High Risk,1
5137,44,8,75903.24145675823,0,70,High Risk,1
5170,34,10,74551.62033437673,0,70,High Risk,1
5182,37,1,123262.1615717642,0,70,High Risk,0
4561,48,1,159986.2337762,0,70,High Risk,1
4696,40,4,67144.04520038169,0,70,High Risk,1
4716,42,0,124474.17564571783,0,70,High Risk,1
8918,38,1,75483.73442134987,1,70,High Risk,1
4942,63,0,82454.90966972781,1,70,High Risk,0
4943,36,3,6027.918732249782,0,70,High Risk,1
5001,32,1,16342.603244327098,0,70,High Risk,1
5017,37,4,214886.3471960697,0,70,High Risk,0
5038,41,1,2938.0648994961343,1,70,High Risk,1
5076,46,0,169152.8620407709,0,70,High Risk,1
5100,46,0,145378.9585804697,0,70,High Risk,1
8691,51,3,49576.77992410231,0,70,High Risk,1
8701,58,2,158265.20168684996,0,70,High Risk,1
8704,59,2,95238.77393091396,0,70,High Risk,1
8737,80,0,127667.15538517601,0,70,High Risk,1
8768,19,7,10320.478722129961,0,70,High Risk,1
8792,33,0,180702.97934322827,0,70,High Risk,0
8794,38,0,87101.35345077538,0,70,High Risk,0
8885,47,2,61761.88805244273,1,70,High Risk,1
5386,38,9,80611.20794959503,0,70,High Risk,1
5413,29,2,36903.43905668414,0,70,High Risk,0
5441,24,4,164132.6090470465,0,70,High Risk,0
5531,47,4,122837.51013984387,0,70,High Risk,1
5548,44,2,237902.07118339042,0,70,High Risk,1
5555,43,2,149281.97760525497,0,70,High Risk,0
5557,29,2,95633.2673598903,0,70,High Risk,1
8618,67,3,135458.82634115565,0,70,High Risk,1
9287,47,7,78819.57458278214,0,70,High Risk,1
3987,43,2,73666.78042286787,1,70,High Risk,1
4089,18,6,7299.380504870195,0,70,High Risk,1
4104,61,4,2257.9517351626055,0,70,High Risk,1
4120,69,2,66455.13518065622,0,70,High Risk,1
4134,67,4,117349.39433465968,0,70,High Risk,0
4180,52,0,80842.43880858833,1,70,High Risk,1
4184,40,3,120773.39957858749,0,70,High Risk,1
8947,61,4,198415.62742446654,0,70,High Risk,1
9025,18,3,55421.68532662006,0,70,High Risk,0
9073,35,0,66520.7079928114,1,70,High Risk,1
9089,51,0,106031.39702484343,0,70,High Risk,0
9097,62,2,127685.1425937234,0,70,High Risk,0
9116,42,2,22270.04283772599,1,70,High Risk,0
9137,31,2,35956.29461312858,0,70,High Risk,1
9245,34,2,160775.8749237598,0,70,High Risk,1
4305,61,2,55923.035833015834,1,70,High Risk,1
4361,27,0,112173.28424086698,0,70,High Risk,0
4371,43,5,49735.15376159818,0,70,High Risk,0
4378,30,0,67144.41494385814,1,70,High Risk,1
4403,47,1,5067.84317068959,0,70,High Risk,1
4439,25,2,41883.387743168634,1,70,High Risk,1
4469,38,0,96003.08137982302,0,70,High Risk,0
4489,31,10,66889.34043170213,0,70,High Risk,1
4721,59,1,243034.2394428594,0,70,High Risk,1
4764,57,1,237516.90577996618,0,70,High Risk,1
4791,53,1,237131.5823110891,0,70,High Risk,1
4824,47,0,245035.0720908351,0,70,High Risk,1
4830,52,9,31020.646403911862,0,70,High Risk,1
4902,43,0,98970.89139721233,1,70,High Risk,1
4298,30,7,61264.09731343574,0,70,High Risk,1
4300,62,3,135826.48164166362,0,70,High Risk,1
3545,80,4,48649.023205886406,0,70,High Risk,1
3566,38,0,120200.6269593133,0,70,High Risk,0
3569,57,1,77414.82709331832,0,70,High Risk,1
3577,66,2,106411.58324307973,0,70,High Risk,1
3591,63,1,212179.83223190354,0,70,High Risk,1
3650,58,2,14136.980296326985,1,70,High Risk,1
3651,31,0,148004.91676053306,0,70,High Risk,1
3655,35,0,9572.84654925511,1,70,High Risk,0
9340,42,9,1083.777152335319,0,70,High Risk,1
9367,53,0,66259.77237363071,1,70,High Risk,1
9383,46,4,127615.9531588656,0,70,High Risk,1
9426,44,4,288.0851986468702,0,70,High Risk,1
9436,47,3,184917.81523740862,0,70,High Risk,1
9477,47,7,78046.72343005217,0,70,High Risk,0
9530,38,4,36168.29052562881,0,70,High Risk,0
3536,40,1,32587.301665620987,0,70,High Risk,1
3881,18,2,27416.05537319958,1,70,High Risk,0
3927,43,1,141851.98382588,0,70,High Risk,1
3944,42,0,33733.33574007861,1,70,High Risk,1
3945,49,0,149194.55690208837,0,70,High Risk,1
3955,30,2,90165.28104579652,0,70,High Risk,1
3965,63,0,68088.3532833653,1,70,High Risk,1
9316,56,0,222274.03386895143,0,70,High Risk,1
9339,47,0,21944.090257896703,1,70,High Risk,1
4263,31,1,143008.44154013545,0,70,High Risk,1
3724,67,10,79569.07883587146,0,70,High Risk,0
3745,18,9,15897.010616446632,0,70,High Risk,1
3780,52,0,126915.05196903746,1,70,High Risk,0
3806,18,1,229439.46552006179,0,70,High Risk,1
3808,32,1,101959.8266687775,0,70,High Risk,1
3853,28,3,138819.8905561245,0,70,High Risk,1
3877,30,0,45910.96246709936,1,70,High Risk,1
3002,42,0,105501.201462147,0,70,High Risk,1
3106,69,0,4939.082296451791,1,70,High Risk,1
3181,42,7,71639.25603628185,0,70,High Risk,1
3191,21,10,69813.69522861324,0,70,High Risk,1
3219,76,2,97330.98043163025,0,70,High Risk,1
2679,59,4,93565.84541210289,0,70,High Risk,1
2686,62,2,187557.99968107423,0,70,High Risk,1
2695,46,0,133849.27525602255,1,70,High Risk,1
9710,31,1,243469.49375102037,0,70,High Risk,1
9736,35,0,90957.35143814565,0,70,High Risk,1
9755,35,0,2651.936896223089,1,70,High Risk,1
9784,27,0,241486.05103335832,0,70,High Risk,1
9860,18,4,210679.0711075565,0,70,High Risk,1
2942,39,0,31501.59665841845,1,70,High Risk,0
2976,39,0,15160.519362918818,1,70,High Risk,1
2984,57,0,40536.25089206125,1,70,High Risk,1
3498,40,0,171740.23874671114,0,70,High Risk,0
3516,49,1,188798.06490643625,0,70,High Risk,1
9545,45,1,9967.572371090611,0,70,High Risk,0
9610,33,0,148821.90984920124,0,70,High Risk,1
9652,53,2,240876.52881180317,0,70,High Risk,1
9676,58,1,92583.51950027827,0,70,High Risk,1
9677,48,4,13570.857439146766,0,70,High Risk,1
9704,54,1,24871.40367596119,0,70,High Risk,1
3686,49,4,61771.97120080288,0,70,High Risk,0
3696,66,1,184343.40838489652,0,70,High Risk,1
3711,32,4,108657.91040380223,0,70,High Risk,1
3291,71,8,59428.20506318869,0,70,High Risk,1
3316,51,1,3392.3924760039804,0,70,High Risk,1
3421,60,7,60471.16199569688,0,70,High Risk,0
3460,52,1,173656.25109552356,0,70,High Risk,1
3470,41,6,27538.40989490672,0,70,High Risk,1
10491,48,0,80202.37675073647,1,70,High Risk,1
10579,28,1,126943.53322419422,0,70,High Risk,0
10961,28,4,113603.20432341681,0,70,High Risk,1
1103,39,0,54667.599101167034,1,70,High Risk,1
1102,38,0,50888.36404436772,1,70,High Risk,0
1065,57,8,15204.077962449936,0,70,High Risk,1
1050,18,1,28170.7614388767,1,70,High Risk,1
7572,25,0,135425.27662465457,1,70,High Risk,1
10217,63,0,56946.99373979825,1,70,High Risk,1
10231,44,5,23006.92404167837,0,70,High Risk,0
10236,25,0,189675.87493021815,0,70,High Risk,1
10305,59,2,84574.36089767514,0,70,High Risk,1
10337,65,1,14773.891427789122,1,70,High Risk,1
10357,54,0,107205.83868800158,0,70,High Risk,0
10444,46,5,41604.512061180874,0,70,High Risk,1
10482,38,4,200968.79989747136,0,70,High Risk,1
1557,37,0,88721.0507317145,0,70,High Risk,1
1583,54,1,88297.30954283502,0,70,High Risk,1
1601,56,0,11114.153606671172,1,70,High Risk,0
1633,42,1,97851.7082141446,0,70,High Risk,1
1660,42,9,72206.16264495655,0,70,High Risk,1
1706,54,2,143237.1184243546,0,70,High Risk,0
1713,36,0,158018.27764175893,1,70,High Risk,0
10176,39,1,147286.33018146115,0,70,High Risk,0
1751,31,0,111767.07735695448,0,70,High Risk,0
1779,43,7,45346.99675782011,0,70,High Risk,0
1781,47,0,82763.41962967027,0,70,High Risk,1
1935,51,0,45224.843006091534,1,70,High Risk,0
2019,40,4,92436.9682656598,0,70,High Risk,1
1469,37,2,199928.73113197196,0,70,High Risk,1
1477,53,3,9212.955181447907,0,70,High Risk,1
1513,41,1,195017.84962601247,0,70,High Risk,1
7321,63,3,77244.76340125246,0,70,High Risk,1
7324,64,1,181155.25966468267,0,70,High Risk,1
7396,57,7,33528.74019340943,0,70,High Risk,1
6837,18,1,186471.9583398378,0,70,High Risk,0
6859,40,5,2383.6519503372124,0,70,High Risk,1
6913,63,2,73347.61903540704,1,70,High Risk,1
6962,76,8,75309.59066169013,0,70,High Risk,0
7056,67,2,54485.101022095136,1,70,High Risk,0
7175,50,2,98796.37690946636,0,70,High Risk,1
7242,30,2,44208.50302280141,0,70,High Risk,0
7281,46,2,118630.54144503652,0,70,High Risk,1
7286,35,2,168892.25480591742,0,70,High Risk,0
7288,55,1,145252.3798875443,0,70,High Risk,1
7297,31,4,166411.88849178384,0,70,High Risk,0
7314,54,0,84604.72858953358,0,70,High Risk,0
7316,55,3,25663.24229596581,0,70,High Risk,0
7817,18,6,5610.156973897773,0,70,High Risk,1
7839,36,0,73696.0522946479,1,70,High Risk,1
7843,73,10,48330.6092232941,0,70,High Risk,1
7849,80,0,57384.295037164884,1,70,High Risk,1
7865,44,1,30773.425904174866,1,70,High Risk,1
7882,44,2,116276.18157074218,0,70,High Risk,1
7983,40,4,7770.952680623999,0,70,High Risk,0
7155,55,1,149597.3660419523,0,70,High Risk,1
7632,51,0,114113.57138808884,1,70,High Risk,1
7633,39,1,20269.483882227905,1,70,High Risk,0
7698,61,0,48839.81452153396,1,70,High Risk,1
7738,49,0,174714.64997636134,0,70,High Risk,0
7739,80,0,151116.07352907665,0,70,High Risk,1
7770,35,0,158284.49983079196,0,70,High Risk,1
7797,68,2,69482.900086306,1,70,High Risk,0
7798,68,0,15862.158782806473,1,70,High Risk,1
